;;exret_mkt;FF_SMB;FF_HML;FF_RMW;FF_CMA;RF;FF_MOM;RA1;RA2;RA3;RA4;RA5;RA6;RA7;RA8;RA9;RA10;RA11;RA12;RA13;RA14;RA15;RA16;RA17;RA18;RA19;RA20;RA21;RA22;RA23;RA24;RA25;RA26;RA27
15/02/1990;199002;1.11;1.15;0.64;-0.07;-0.61;0.57;-0.54;37.5;4.166608433;-2.310313841;-2.100860219;22.99467916;0;4.614792123;5.952454511;7.805939157;10.05505801;3.186827399;2.35935642;8.516409597;-0.803221621;5.323175689;1.898740953;2.386631892;-0.485375907;-3.448307067;56.45158528;6.756949675;0.483017747;4.069837313;1.739132;-13.86860555;0.447038412;5.270936996
15/03/1990;199003;1.83;1.58;-2.92;2.02;-0.95;0.64;1.8;3.636363636;-3.999946332;7.094681375;-11.58799261;7.391254079;18.7637815;3.196453488;-12.22321288;12.87160168;0.824737439;2.325518475;6.028328133;2.7173783;4.843374116;3.438385457;3.72685246;5.209262895;-8.780524021;1.040642512;1.030913075;12.15179951;-8.391441851;-15.6425023;7.051299351;3.650720323;6.066525501;1.484046523
15/04/1990;199004;-3.36;-0.32;-2.59;1.81;-1;0.69;2.39;-10.52631579;-4.316851074;6.949295104;5.339852781;3.643736804;-2.173710105;-3.318623021;-1.93541821;-2.787386983;0.408953602;4.545466152;2.573577319;-6.613742681;-0.389086989;2.708990198;-5.389359544;0.890869187;2.535386195;-4.724360877;0;4.740397503;-11.57893572;-15.89398433;6.255478462;-6.391826356;4.243605718;-0.562441395
15/05/1990;199005;8.42;-2.37;-3.83;1.54;-1.58;0.68;3.03;-13.7254902;14.20535292;0.297611381;8.8059773;9.570375244;4.762106722;8.154441674;1.973615933;18.10022368;9.711224933;13.47825912;18.36074811;6.246190466;7.617158615;10.09176053;22.15188857;12.8035842;17.11233948;14.46279584;10.20410375;25.86207912;8.928566515;24.40946069;11.50944336;16.07925629;17.73461654;16.89037136
15/06/1990;199006;-1.09;1.31;-1.93;-1.1;-0.36;0.63;2.4;-7.954545455;-5.049237237;10.38579209;5.128166318;10.8734104;8.785625607;-7.708820854;-2.323128918;7.039775409;-21.45516634;4.889524505;-1.662030849;-5.14903563;1.230310952;-0.98668457;-2.590500439;6.661035647;-6.849300753;2.778464745;-1.851825238;4.109559134;-4.323192701;17.08874713;5.076190734;-1.683365874;5.446339885;-0.581369859
15/07/1990;199007;-1.9;-3.13;-0.04;-0.11;3.23;0.68;6.14;-7.407407407;-1.944512145;3.763616729;-4.570798191;10.93248123;-6.145296442;0.928111542;-4.333362715;-1.282109945;-7.125929687;-5.494436973;2.717721993;-5.142817784;3.429553483;-5.106406499;-5.31934636;4.24350367;-7.589383735;-11.61971525;-15.0943498;-12.50003745;13.4669823;-27.02713887;-0.406819416;18.1285043;-0.430434413;-8.28457675
15/08/1990;199008;-10.15;-3.86;1.6;-0.35;2.99;0.66;1.88;-20;-10.59600257;-5.744171476;-17.16734293;4.927574089;-11.90482484;-8.71863129;-9.059217769;-16.45023825;-11.51722058;-13.29174994;-6.887051346;-14.43131708;-13.43802388;-8.632245328;-24.9999406;-7.079639633;-5.97820262;-11.15537942;-19.99998185;-7.51863353;-11.36363696;-31.1110607;-2.435038557;-6.27059467;-10.79382125;-12.86847323
15/09/1990;199009;-6.12;-3.74;0.61;0.06;3.61;0.6;5.78;-23.33333333;-6.884149402;0.276947061;-12.43529836;-1.105020477;-21.38455364;6.887666612;-33.77769826;-13.32363335;-1.744178953;-26.45740095;-6.508859203;-11.4695548;-12.0967652;5.598938796;-0.37442743;-3.132025793;-28.32367085;-6.435939277;-8.333323878;2.438911523;-5.716681665;-44.08607462;-8.153073087;0.297590546;-5.357071122;-11.47744422
15/10/1990;199010;-1.92;-5.07;0;3.13;-0.32;0.68;6.71;-30.43478261;0.199172038;5.142794143;-10.65088832;5.586562977;6.034379935;4.057288048;-19.29828983;7.507571665;-3.550281162;-11.58535802;14.1495365;-10.12145789;-3.781437807;-0.82259778;0.751828299;1.778694044;-32.6760849;-2.884590201;-4.545510807;1.190603108;-10.90911932;-17.30735255;4.762741645;3.00883787;7.890233541;0.413818094
15/11/1990;199011;6.35;0.04;-2.97;0.51;-4.69;0.57;-5.48;9.375;16.89862032;3.183140056;9.804804784;22.75135343;19.5120744;2.420174638;39.13045622;-1.117363301;1.685278463;25.50146577;3.064059963;1.035415533;5.288442461;7.701441946;11.94027731;8.349472089;12.34561766;11.38613775;25.39685215;13.33307143;-3.741460492;46.51082051;6.770782944;10.99657816;6.10925406;9.647590367
15/12/1990;199012;2.46;0.64;-1.63;2.65;-1.81;0.6;0.29;-17.14285714;4.591842656;6.42676961;0.60980252;7.327590553;17.39831032;1.587287598;-4.687541228;3.125074434;14.28566761;1.104933491;0.982013419;-2.739830707;4.794553441;0.572814784;2.666627197;3.398027634;-5.494515216;3.862595356;2.531608919;4.152381072;16.03288778;0;1.463438965;0.809185125;4.524854816;1.882074542
15/01/1991;199101;4.69;3.89;-1.57;1.26;-3.85;0.52;-6.45;-13.79310345;7.803600429;8.406357648;11.54693007;18.47391742;29.06960337;-6.696426034;24.8760657;8.815390013;5.851073715;15.30058176;4.838694459;5.164361974;12.59568591;12.16810786;18.83113763;6.620221069;24.44100097;-2.145938991;22.22221102;30.398653;-12.23243558;14.28606149;6.167990142;11.30029102;-8.513681016;6.650207163
15/02/1991;199102;7.19;4.02;-0.63;-0.05;-0.43;0.48;-4.61;-8;9.516621037;18.65168915;5.494470894;23.72876829;3.15303004;4.174719554;3.99994309;-2.278504933;10.52174362;17.07543093;7.435880684;19.78474708;6.250027886;1.57791626;4.371638368;7.352964322;25.71426588;10.96492026;25.2525836;5.732456736;1.3937678;0;19.09080821;16.82887944;3.166449076;14.14563347
15/03/1991;199103;2.65;3.82;-1.3;-0.5;-1.11;0.44;2.87;47.82608696;6.344836524;3.030388456;20.31255511;43.83559703;19.02712207;4.418633424;18.37608564;-2.122387431;-12.35691139;-0.812972513;3.579926572;-0.766308625;3.147982139;-10.7017697;-2.094210118;17.24182474;5.303037277;9.881429403;4.838705427;2.289163369;-2.358604574;0;4.580252693;2.565980353;4.769202438;-3.546098912
15/04/1991;199104;-0.28;0.32;1.45;0.64;0.8;0.53;-2.36;-26.47058824;-5.595190227;-1.21128821;-13.4199512;-3.428559235;-19.11776312;-4.899784569;7.811486687;-2.659511144;-0.522238988;-3.688555458;-2.316253041;0.386113131;1.615713398;-9.549935074;5.347570001;-1.43416534;19.67110146;-3.344334054;-9.230761497;-6.71380025;0;2.777364269;-6.651451042;1.869213131;-1.468430098;-3.256327466
15/05/1991;199105;3.65;0.12;-0.49;2.05;-2.35;0.47;-0.11;-20;-0.412707716;2.434462288;3.323024555;-3.550282783;-14.54531352;-1.796619499;14.23728476;7.103833442;9.361284649;8.024227837;8.530816296;14.8644613;9.187265841;3.03400083;13.1980431;-4.100559784;4.268301814;4.477655087;12.71181806;10.85867384;3.886901441;-18.91876513;-1.568659677;8.027466735;2.073596873;0.907691669
15/06/1991;199106;-4.94;0.26;1.07;1.77;0.64;0.42;0.47;0;-6.906084768;-7.129724098;-12.19510535;-3.578726134;-11.47601941;3.381624826;-15.13360595;-6.133407381;-4.589351086;-12.25293979;-4.803462851;-2.3728779;-3.564198613;-7.399300938;-16.59202817;-7.461296922;0;-5.820326957;-29.32326255;-6.890761009;8.628797611;13.33392879;-7.569720632;-5.18831895;-9.104255126;-3.879355255
15/07/1991;199107;4.24;-0.95;-1.32;1.61;-1.38;0.49;4.22;-10;-0.753073345;7.38981656;13.91691825;25.55672242;11.44563769;0.934522378;-1.935799564;1.366131857;-0.506289583;13.96393196;10.80562804;-6.94444556;-1.013457252;4.24707492;1.075424059;9.730507919;21.13179695;-0.380182446;5.319070351;7.890002284;-3.144586124;7.352386528;10.34443059;11.48654363;4.361901776;8.295985388
15/08/1991;199108;2.32;1.41;-0.78;0.85;-0.34;0.46;1.57;-11.11111111;0.898151796;9.409668126;4.433528452;7.939185676;14.5944438;3.205732336;11.1511096;7.277639485;-2.707651349;6.761669439;9.355502562;-5.975209266;2.21840094;-4.320980811;5.319008945;1.364206473;3.414604522;-0.381744218;14.14146332;15.98639105;-7.792189773;23.28792264;1.568647624;5.858463264;4.055892493;-1.510842185
15/09/1991;199109;-1.59;1.56;-1.07;-1.8;0.08;0.46;1.79;-25;-1.931594196;-2.698135275;-3.301900795;3.755880123;-6.392858438;1.590927141;-6.894901217;2.562958141;-6.052648285;5.576206269;-1.901084991;-3.614421879;-7.345586487;8.264794592;-14.64644038;-4.430770877;-4.245247405;7.584255032;2.654828871;4.398805311;7.470667772;18.88862897;-11.96916912;-0.039317145;1.646747606;-4.000024889
15/10/1991;199110;1.29;0.9;-0.46;-1.73;-0.23;0.42;3.06;75;6.666638992;-2.074749028;-25.13728029;8.597254904;4.04040404;7.606241782;4.912340622;-2.955672919;7.563060274;2.464779203;3.676652346;-9.583403786;0.194688689;-5.18696597;-3.84620678;7.637869117;-1.534182535;-0.714247143;20.68964546;5.477536354;5.921035817;17.75726679;0.413759179;9.980814742;-1.472763212;4.166693673
15/11/1991;199111;-4.19;-0.84;-1.88;1.06;0.01;0.39;1.14;-14.28571429;-1.846648469;-3.386844964;0;-6.666637028;-1.45617772;-2.727699216;-8.026769826;-10.15229523;-13.49056963;-9.992302196;4.127567402;-10.22667531;-6.159419484;-5.852469021;0.923080126;1.314072583;-14.64640982;-3.237463218;-24.28566594;3.595205315;0.931673012;-14.28601809;3.947375592;-7.329903101;-2.553759885;-11.65282114
15/12/1991;199112;10.84;-2.4;-4.18;3.56;-3.12;0.38;8.19;-5.555555556;13.8930016;18.45015437;7.89472105;35.26786892;11.35067746;11.90472647;18.18186354;8.458799454;6.36367785;20.68969038;16.08082913;17.18748533;18.1467438;-2.585559178;19.51230519;19.28629175;0.591618723;13.3167322;7.02762482;14.39585961;-0.224149175;7.407748718;14.34594893;27.17092188;15.895087;9.307861253
15/01/1992;199201;-0.59;9.19;4.7;-1.29;3.2;0.34;-2.49;5.882352941;-6.599278878;-4.094944476;1.83668059;-6.930699238;14.85604886;-6.576392889;9.17508612;6.544498533;6.552714737;5.396755716;-3.426735972;8.444424638;-0.804165684;1.12358635;22.19382554;-6.113587633;33.74587593;14.47369121;31.85836502;8.08993271;14.55114519;27.58607035;0.027918731;-13.09527232;10.51927911;19.214017
15/02/1992;199202;1.09;1.34;6.47;0.1;2.19;0.28;-0.53;-5.555555556;-4.632158034;0.491042832;1.818209953;-7.446844737;4.247144165;1.095894455;8.262058804;-9.582337042;4.922361885;0.30396481;5.483882482;22.00512254;4.4850144;-3.472279229;6.054268138;-5.813895176;20.08931246;-6.896542564;4.698045585;2.702769226;-3.513505707;8.108205973;-4.444541349;2.054834956;-1.516616523;12.80316634
15/03/1992;199203;-2.66;-0.93;3.55;-0.01;1.95;0.34;-0.29;-11.76470588;-0.857163098;-1.302996625;8.928498526;-4.214541857;-13.54238561;-4.761899795;-4.210488125;-4.136626185;2.301816398;-3.012026996;0;4.421727643;-3.656606905;-2.59318041;-12.99208239;-3.340708996;-2.60223528;-1.326500462;-20.51285796;-4.048703659;-14.56736272;-32.50020336;6.201544961;-6.236163785;0.615085435;-1.382015044
15/04/1992;199204;1.07;-5.7;4.32;1.69;2.23;0.32;-2.58;-6.666666667;-4.185886331;3.534944096;-0.570065878;-10.39998319;3.218685183;8.478243252;5.768900168;0.284875411;12.24997276;0.93162764;1.890750755;18.24108921;1.859860912;8.682644727;-3.167492681;-2.692316305;8.224705783;11.28527745;-7.258023769;-6.961969379;-0.328896442;2.778082988;6.973659378;2.877650309;0.97794863;-3.874735851
15/05/1992;199205;0.3;0.21;1.19;-0.96;0.48;0.28;0.21;-28.57142857;1.807267719;-0.481575006;1.111038046;8.92857928;-0.623481836;-2.170168817;-2.617830676;-0.284066177;7.905269744;-5.046817812;6.024091066;-1.290942346;-0.326309666;0;-6.54201175;2.108071017;3.914537378;5.633784291;3.478231952;9.750536924;12.87123185;7.207173032;0;4.37068945;0.048100473;4.426660215
15/06/1992;199206;-2.34;-2.74;3.25;-0.09;1.01;0.32;-0.58;-15;4.881641551;-5.161270876;2.197768109;-0.204935437;-19.66532926;1.244769494;2.419421064;-8.598961062;-10.97304831;0;-9.090966699;3.380267782;1.800332511;9.267161737;14.00000423;-7.163407781;1.712368777;-1.648082541;-4.201664009;-13.22310784;13.84744263;2.520957044;-4.452089264;-1.672268469;-10.46238152;-4.934209854
15/07/1992;199207;3.77;-0.66;-0.55;1.24;-0.89;0.31;1.59;-5.882352941;8.501288928;9.428157667;-0.005751295;7.597542129;-2.408266003;7.99178046;-2.63735078;0.313542505;2.790649554;14.65799958;5.024631032;-0.27247097;-0.894040441;-3.192792558;4.824513;10.05587186;-5.295324175;-4.619614912;14.03504389;3.928537096;1.804097405;22.13133528;7.560987903;7.363024698;10.05439208;-0.346066721
15/08/1992;199208;-2.38;-0.44;-1.08;3.68;-1.6;0.26;-0.51;-12.5;0.260436937;2.660417841;-9.239161115;-3.244268801;-1.604278075;2.13462755;-6.793511283;-6.875016972;-12.42408618;-9.217566424;2.686560485;-10.11177103;-3.267959193;-8.575217958;-2.928850304;0.253834078;-6.810034308;-3.133908596;-6.153798007;2.405528634;-2.531654166;-6.040396048;0.334481658;-1.435458967;-6.902911392;-4.028487189
15/09/1992;199209;1.19;0.44;-0.23;1.58;-0.63;0.26;1.5;-21.42857143;10.29071288;3.353616514;4.790395269;-0.986228544;-1.638422759;3.007536515;4.371310588;-0.725695314;8.031030624;10.06281141;-5.81395993;-3.067514059;5.743245875;-5.534607829;13.36207918;-4.107996207;0.384644072;4.661789781;6.557322381;8.053664384;-0.445467178;14.28579241;0.999955954;-2.777224053;5.333282739;5.072436508
15/10/1992;199210;1.02;2.09;-1.98;1.26;-0.84;0.23;2.48;136.3636364;4.363209642;-9.634445161;-1.162589833;6.374555535;16.34342948;-2.554764744;4.225272995;-2.040839877;0.239831651;-2.285638957;0.631519301;-7.594928833;-1.18472159;-17.18269384;2.661578005;6.100778297;6.357161285;3.380240301;19.2307596;10.24848624;-3.926762011;11.25000598;5.641913518;1.170514067;7.08862344;8.620719549
15/11/1992;199211;4.13;3.98;-1.42;-0.62;-1.65;0.23;-0.15;-7.692307692;3.615882545;4.76974604;7.017649215;14.98120727;9.523871078;5.06255373;8.918984825;-2.430537132;8.922827711;11.69589392;-2.153786623;16.23823424;8.469050545;2.056130246;6.084033719;0.749977387;9.090888604;6.811974871;-3.225794598;4.929552172;-16.89375793;0;2.194465347;3.305797957;3.156684253;7.302794712
15/12/1992;199212;1.53;1.67;2.65;-0.46;0.83;0.28;4.32;-8.333333333;1.323836349;-3.13969764;8.74310677;-7.980429226;4.134111971;6.666628693;2.799370705;15.02816359;-5.506581197;1.779527597;5.709126035;2.08330115;2.702647184;-24.85831502;21.6782174;0.718589669;3.000038874;-0.303628879;0.937684604;-8.322150422;8.29360314;27.52787604;1.84042573;-6.745936921;-1.151994023;1.92596143
15/01/1993;199301;0.93;1.89;5.95;-1.85;2.94;0.23;4.84;-9.090909091;2.155138926;-2.302553528;-6.53266136;-12.21238306;-0.418442289;-6.925660341;4.622848032;-12.14954447;4.662047041;9.819115798;1.193946292;7.580181821;1.499169752;2.233252728;22.70123973;-12.87132687;5.998638364;-0.256349492;17.2185281;1.317745113;-7.294809587;14.53750436;1.217839495;-8.965574248;-7.226142664;6.104605568
15/02/1993;199302;0.12;-3.47;6.44;-0.48;4.21;0.22;3.14;-10;3.059053671;-10.20069366;6.44613395;-41.53224939;-10.92430471;9.244619644;-0.465134386;-2.482243628;3.616407008;3.294090158;0;0.293785549;-2.322226138;5.582538657;9.230268691;-3.409100242;-0.307727874;4.113060701;10.73447649;-3.612756659;1.967127727;0.769264745;-4.776119168;-11.55306298;5.094929438;-2.621277493
15/03/1993;199303;2.3;0.08;1.19;-0.17;0.9;0.25;3.73;11.11111111;4.605941502;-4.655480323;10.71431018;4.137914444;-2.618559652;4.865778421;2.102772849;2.537742117;1.9396789;26.64359437;0.589948317;13.35150588;5.943547948;-5.438027713;-1.287487399;0.810756657;-0.308660508;4.652706257;-3.571447794;10.94454875;13.60939056;12.21369138;7.523520923;7.350998918;-4.0865361;0.281707607
15/04/1993;199304;-3.05;-0.86;2.48;-3.6;1.44;0.24;0.38;-10;-0.766853735;-25.8250622;4.164223963;5.960255542;-0.485206324;-1.120013406;-8.468957461;8.571452271;17.12472304;-0.271029195;-7.264205483;5.288482483;2.437814297;-4.422596414;-17.28255621;2.346095525;-4.489650817;-8.983403403;-2.645517412;-7.56760689;10.7954239;-3.061164703;-11.96829012;9.638532901;-1.503815871;-8.426984277
15/05/1993;199305;2.89;1.93;-3.5;-0.08;-1.05;0.22;0.22;16.66666667;1.480764589;7.180870093;2.678544911;-11.24998333;10.48767753;0.325437395;-5.037720255;4.276272108;3.679425766;0.815300404;5.396841805;-4.298888914;2.344846105;8.483363904;16.68285479;2.29224395;0.326779738;3.37655467;29.34781794;8.333343196;7.435916979;17.19285993;-3.654477066;5.128256568;0.568790077;8.128274818
15/06/1993;199306;0.31;0.16;2.72;-0.91;1.2;0.25;4.55;0;0.497380548;-4.218402552;12.17396784;2.816909549;-30.09680237;0.977203377;6.185279762;-6.022169394;4.537558188;13.88199836;3.614437073;0.480801824;3.234433516;-5.363091709;-0.789132596;-6.4608184;6.514650508;-1.256198138;24.78995737;-4.993273149;0.538026623;17.96407254;2.068938149;-6.051446756;5.852461903;-7.386367783
15/07/1993;199307;-0.34;0.92;2.82;-1.85;2.05;0.24;3.19;-9.523809524;6.831361244;-1.031982071;1.162778918;-4.1096287;-29.74704073;4.516105585;1.511394024;6.418933499;2.671094393;2.612779729;1.00407547;0.956925983;3.566197284;-9.873468965;-5.000079019;-12.04819661;1.719046014;5.060520273;20.87539834;-15.90906739;10.47621576;2.284317469;1.464475722;-11.19404732;-6.250034885;-7.97542506
15/08/1993;199308;3.71;0.11;0.14;-1.54;-0.03;0.25;2.65;-15.78947368;5.442180194;3.448288423;0.420231256;5.714304139;-4.504631475;13.42828321;2.233235151;0.634933925;7.202416102;9.567913309;0.288921916;-2.578818168;-0.253823019;2.808998104;23.08554721;11.64379406;-1.515116658;4.368969733;18.9414982;1.520304225;-12.93103765;2.233301766;5.351177379;5.882399739;-0.156302741;4.826112022
15/09/1993;199309;-0.12;2.94;-0.35;0.25;-0.16;0.26;3.37;12.5;1.395944246;-5.897438606;10.38458115;4.391905288;-11.40424536;-5.494509059;0.82623199;-2.527784983;-3.951368078;7.937925616;-2.593617833;8.333348434;-2.417270258;-7.676588163;10.11665072;-2.680942347;10.76918233;-3.299410929;2.341914722;9.816963197;-5.910710273;19.17471195;-0.31741004;-4.884205168;-1.808801109;-3.82165559
15/10/1993;199310;1.41;1.89;-2.78;0.58;0.6;0.22;-2.72;88.88888889;-8.280296149;18.76617553;-10.10451525;18.12300374;31.55128441;2.906987322;-9.465994633;-2.280149929;15.82282044;-7.591698769;3.069000896;11.99096185;1.822973407;9.523779625;-10.60070422;6.984077596;-10.17279262;11.08439224;-13.0434605;-2.878810551;10.5540799;-3.462279398;1.051453556;4.621938148;14.21048228;13.9073099
15/11/1993;199311;-1.89;-1.18;-0.66;2.19;-0.94;0.25;-4.73;-17.64705882;-4.305535674;4.186055792;-2.020735944;-0.821964999;2.438704888;-3.1199428;1.072407561;2.999996543;-6.658014138;-9.348388842;-3.169968493;-1.150863927;1.417579116;17.11957743;-2.690165432;3.560893901;-4.049804435;1.735268496;-2.631572204;-0.156030769;-0.95467547;6.751026229;1.898743645;6.827212392;5.223786464;-7.114882833
15/12/1993;199312;1.65;1.38;0.27;1.17;-0.34;0.23;2.36;0;2.004709091;-0.669610682;-1.59362;9.392295006;-6.809036658;-2.352946037;4.911291634;12.72813986;4.398856582;-2.533200069;6.67927893;6.172787009;6.607386084;5.391588699;0.813003264;3.489209027;4.220735989;-2.584445272;0.652047326;0.781309785;11.38404057;-9.090929723;1.552780694;4.444862632;0.440538652;6.896539461
15/01/1994;199401;2.87;0.08;1.28;-1.75;1.43;0.25;0;7.142857143;5.555595486;9.586513853;5.667958424;-1.515155912;11.96609735;0.903572294;3.571348691;0;16.99434032;8.360085753;-8.403484715;3.875985383;3.443100046;0;5.241989179;-5.571028118;-0.628075924;6.578979168;25.53763552;5.581329677;-6.941393377;11.7392321;-0.825253075;-6.340539944;4.385980359;10.85045337
15/02/1994;199402;-2.55;2.67;-1.56;2.15;-1;0.21;-0.3;0;-5.263193732;-7.053933071;-9.612939104;-14.35901666;11.45036297;-5.710593534;-3.694519158;8.092543165;4.254189451;-11.86941165;4.281443306;-6.723357966;-2.204115019;-6.415912033;5.444865498;-5.309719299;-5.696268844;-0.20576264;21.41329433;-3.083651216;1.165468195;2.723629639;-3.096018212;-10.25151234;-2.832877954;1.733539448
15/03/1994;199403;-4.78;-1.09;1.55;0.71;1.28;0.27;-1.27;-6.666666667;-4.022274011;-9.598204278;-5.128212251;-8.3832378;-8.576843;3.194891317;-5.502194185;-4.249608401;3.690889125;-4.767878115;-4.692143206;-5.432571931;-5.100849764;3.774987276;-1.81811303;-5.341602657;-2.348895209;-6.019347883;17.46029545;2.727271612;6.066341464;-2.651414917;-6.389784909;-6.185324766;-6.956568467;-12.49996945
15/04/1994;199404;0.68;-1;1.66;1.06;1.11;0.27;0.39;14.28571429;1.337310003;8.997332981;6.756808475;5.882427096;-9.774393887;2.786400113;14.20765849;1.123617369;-2.224714264;-1.418490045;3.260396449;-0.638275213;-4.096323051;5.263197637;-9.629686717;9.602621597;-3.4657824;5.49449399;9.609605443;9.144545767;-9.945997913;-7.00397016;0.080087421;9.259313886;6.308424363;1.190446375
15/05/1994;199405;0.58;-2.53;0.7;0.6;0.68;0.31;-2.19;34.375;9.530792826;-9.632970011;6.625080464;14.96910152;-2.500022218;0.075436217;5.980849937;3.05555071;-2.598287009;-5.39574736;-3.592797529;-0.295429683;4.462019405;9.565213233;2.543945338;6.948621116;10.43165461;3.33329553;-7.404707476;16.21624578;0;14.64435582;-1.369819632;8.050792753;-0.305471434;2.242524024
15/06/1994;199406;-3.03;-0.48;1.67;1.21;1.47;0.31;-0.87;-16.27906977;-7.129752778;4.56851372;-6.78733572;-7.919487516;-9.044172607;5.775039588;-6.451588283;0.292312243;-6.432751161;-1.471130518;0.93160531;2.164505073;-6.281460926;-6.34062494;-6.399959342;-2.42753597;0.325740113;-6.854800632;2.592557505;-3.953543208;-2.136033198;9.489049565;-14.93057575;-0.191990812;-5.321504229;-4.034584225
15/07/1994;199407;2.82;-1.79;0.57;-0.6;0.11;0.28;0.1;13.88888889;8.802305105;8.279235891;2.912682978;15.88926606;27.12258478;-3.448192773;8.515818121;-3.513496128;8.374976634;2.713166515;9.741857872;8.050836125;8.870190417;5.319174469;1.282017339;9.620969947;0.656022374;-5.878497509;7.942270422;-0.242070833;-1.863349318;2.000024243;0.092326221;-1.782176055;4.449627145;1.801755651
15/08/1994;199408;4.01;1.38;-2.5;0.96;-1.47;0.37;1.55;4.87804878;-0.265234396;10.90898311;7.067621018;6.163519182;7.421480827;-0.58541168;0;1.96076444;6.752884175;11.69814702;3.6619505;-7.577733558;-1.240628499;10.70707658;11.08581708;6.648952016;0.977145259;4.147508105;7.83899466;12.86403034;8.544310159;11.60128348;8.606528468;10.08064815;9.895391938;-2.482786712
15/09/1994;199409;-2.31;2.76;-1.84;0.53;0.9;0.37;1.31;27.90697674;-5.338582336;0.205016443;7.999969948;0.947850615;-6.586208921;2.719019311;-11.36803155;-4.414043772;-6.175495879;-10.75636459;5.706510247;-5.128254661;-3.266315686;2.047322665;-6.463897435;3.871054344;-9.677357016;-6.427250451;-14.28569994;-3.44087856;5.283293924;0.732068607;0;2.055711209;-2.053367471;-6.060561638
15/10/1994;199410;1.34;-2.31;-1.63;0.24;-0.69;0.38;1.49;16.36363636;5.344581052;1.572489219;1.646057204;4.694850153;28.20033389;-1.470606943;1.020387457;1.445147353;10.39256058;5.703372476;4.038849009;6.306362798;2.313959339;7.001775783;1.016265883;5.555578168;9.934008815;9.478674254;16.09426895;12.24947704;-8.055555322;6.976772652;6.229031951;7.233240681;5.450688374;1.935493738
15/11/1994;199411;-4.04;0.13;-0.73;0.4;-0.39;0.37;-0.18;-12.5;-2.269701134;-2.448931356;-3.332513701;4.708497238;-13.74806199;-0.247372023;-9.343415425;2.279149253;-9.169248016;-5.755364157;1.488807194;-7.226175771;-5.882340153;-5.033546729;1.713179515;-2.288327566;-4.276329613;-1.731650834;4.999998486;-0.19844385;-11.48032313;-10.32607;0.714258368;4.384455825;-0.038900378;10.34149973
15/12/1994;199412;0.86;-0.04;-0.09;0.39;0.3;0.44;3.48;-3.571428571;7.238245638;-3.765659212;-0.421887585;1.070684774;5.012842055;-2.41694292;1.668196814;5.333860369;1.847485188;-0.716490794;1.114588104;2.764919008;10.86951486;4.241503127;1.188094815;3.139033678;-1.374653979;3.297449303;5.059537968;-2.783295479;-1.408882765;6.969652152;2.83690776;0.477772029;-0.799953575;5.747134517
15/01/1995;199501;1.8;-3.02;2.51;0.2;-0.76;0.42;-1.81;7.407407407;6.249993833;5.42905286;7.603805288;7.838971446;3.525615004;5.572726024;3.324165538;-5.319111294;-6.80264481;13.89960768;1.941707451;-9.4170766;1.806942706;-1.870790873;8.610614388;6.164516468;10.03739168;11.53846987;0.396716348;-2.862980692;-4.513863645;-3.399474285;2.237111583;5.825171142;5.040335286;10.59781744
15/02/1995;199502;3.63;-0.54;1.09;0.56;-0.28;0.4;-0.39;13.79310345;-0.360123838;1.673597979;6.746057841;8.447930764;-2.1671078;-1.387196949;6.970510403;3.651646561;0.931225811;6.002608664;4.761931746;4.500496006;6.310693373;4.33281929;15.05231589;-2.365657555;2.88459482;1.915729245;40.11299466;6.105285672;5.090857744;10.41059784;6.101714159;1.52910933;2.689850839;5.085352314
15/03/1995;199503;2.19;-0.53;-2.08;-0.13;0.24;0.46;0.43;7.575757576;0.472116104;7.613132209;3.717430974;-2.35505008;-10.51443229;0.900926575;2.764312503;17.15940777;7.506052119;-0.643096513;2.499891472;2.870754429;-1.369873445;9.503006151;6.426353844;5.373859498;-5.919010445;2.817772373;22.78226501;12.89672206;18.74923259;-0.39834764;0;3.972516554;-0.375906467;0.234191315
15/04/1995;199504;2.11;-0.22;1.7;0.4;0.89;0.44;1.79;21.12676056;2.521037989;4.086395442;-0.358360856;7.884964529;8.51081301;5.059467341;-1.477775179;2.325578829;5.405418887;7.11977875;3.514614028;0.930299949;4.486203407;15.22064923;20.61858182;9.243717875;11.87457864;2.564095168;8.512626167;14.93860691;-2.04681192;-2.40005308;6.88463265;1.02042391;5.471630953;3.504692142
15/05/1995;199505;2.9;-2.18;2.27;0.36;0.1;0.54;-0.42;8.527125581;6.557330543;7.564575216;2.821581663;-0.257940219;8.660222895;3.002485981;13.24998643;7.045405011;3.450185145;1.812629758;6.021560643;9.063498918;3.571372555;-1.717272471;9.714089059;1.730725095;10.47909096;8.214318574;8.181808242;3.593247969;-0.298512624;13.9344108;17.71767542;1.731586395;3.394450266;0.391887921
15/06/1995;199506;2.72;3.03;-2.54;-0.35;-2.48;0.47;2.93;5.714297469;0.332112994;2.058253773;-0.704206892;10.94823609;12.03936726;5.833414321;-4.448672948;6.85630803;6.63898392;4.363615574;3.448241425;1.709422826;-2.801733426;3.500352022;12.80623681;2.588530828;2.439001068;3.494462991;23.38305519;6.715906752;0.584257839;11.15108855;-7.142747426;5.164867921;0;0
15/07/1995;199507;3.72;2.08;-1.59;0.28;-1.64;0.45;2.57;6.081080752;-1.315775546;-2.565234493;9.219852212;5.827511655;-3.09553611;1.04980655;4.662004731;6.985963348;9.533122145;8.285675465;3.318379483;-2.520976201;5.428228527;13.41151541;2.6653098;6.29628325;9.259246483;-1.277959025;13.40907787;0.138278284;2.089544248;8.414279172;3.466876035;9.905052505;-4.173903673;5.630628971
15/08/1995;199508;0.55;1.76;2.81;-1.22;1.61;0.47;0.16;-16.5605189;7.499940881;4.188473312;5.546248406;12.48162349;-4.44466474;6.137774067;9.354179599;-4.477590166;-4.164043595;1.319287168;-2.095234821;7.170315949;-0.211864215;-5.051740624;-5.521936566;-3.832782793;14.03977949;-5.501609509;23.24649715;2.209956489;2.033457444;-4.17913438;-3.466604466;-2.4690969;1.30905173;-3.893920232
15/09/1995;199509;3.35;-1.9;-0.05;1.02;0.38;0.43;2.91;2.290076476;5.426411622;11.8926758;9.907129896;4.177570283;-13.13554797;8.641961616;10.46851311;7.04683781;-15.27003093;11.14503744;7.393020728;1.219470394;8.280286165;-8.374870339;-2.036649641;7.934602038;4.50635543;4.99073575;3.339422592;-2.162173397;-2.298858352;-4.361363534;12.70717009;8.651089974;10.99094916;2.000021638
15/10/1995;199510;-1.52;-4.07;-0.51;1.86;-0.04;0.47;4.16;2.238806104;-0.335139276;2.252622859;-8.450708573;-3.759399811;-2.516861037;1.590881871;-2.230486047;-4.029232162;-0.219808325;-4.55938582;4.522487254;-7.630540937;-0.147137692;2.910059173;16.21621563;9.94942018;-6.570823479;7.189555112;-11.18109573;10.49723741;-11.17644833;13.6807582;3.634374606;7.494179225;5.194833341;0.435732919
15/11/1995;199511;3.96;-1.07;0.58;-0.56;1.13;0.42;-0.68;18.97811498;6.056146163;4.1543146;5.167242429;3.385427159;4.991441904;-2.399181261;8.745214522;11.25948715;8.889814505;17.82178703;5.39131395;-0.569342587;6.126486433;-0.642661953;-12.82876577;6.28834095;6.364513008;8.841504695;-23.04965368;-12.87499883;14.23839822;4.011455242;5.225719378;1.089326945;7.326745661;4.506717952
15/12/1995;199512;1.03;0.73;0.18;-1.38;3.08;0.49;2.52;16.56441636;3.064019761;2.84906083;-2.6470271;19.64737271;-16.13291828;5.773686584;-1.830160773;7.934064983;-4.276974559;5.659441632;-1.693298257;2.212377455;7.262536193;-5.193330497;-6.776182549;-0.896823051;-2.083293911;1.276506437;-26.89872276;0.717356657;5.532028122;-6.611545555;0.902896403;9.095349934;-4.046190908;-2.079018859
15/01/1996;199601;2.26;-2.56;0.4;0.19;2.31;0.43;0.54;-7.89473651;4.825563907;3.91667638;11.17823558;1.263161496;-13.33355159;-1.091665293;0.359116924;-1.116472559;9.574466535;4.99002949;1.515171624;2.164469654;7.281460513;18.74144999;-2.670680253;12.28069452;14.04255515;11.35735489;-13.46491896;5.413119869;23.41595363;12.68433858;7.084687051;8.730197323;1.204779584;9.295214489
15/02/1996;199602;1.33;1.76;-1.07;0.24;-1.89;0.39;0.59;-7.142865959;0;6.738576479;0.271901553;-0.623727975;-0.452358355;-2.40904959;5.545547709;4.677400497;4.362619359;1.710956419;7.131041631;7.215165043;-1.628658231;13.01842567;6.556351853;-2.604130337;7.820616849;-0.497527083;-6.569342937;6.689172669;1.562535328;8.900548568;6.079678193;-3.832161804;-1.938999194;1.945548617
15/03/1996;199603;0.73;1.64;0.36;1.48;-0.96;0.39;-1.84;3.384620474;-3.354799438;-11.36360491;7.629461887;-2.719630751;-10.6820478;-4.100249445;9.49077206;7.113940487;1.872675015;-0.969459524;2.476743558;9.999963408;3.145681668;-9.078177957;-3.294336014;-1.002269733;-1.570675673;-3.871196201;-1.171874976;4.496479964;-0.237127507;-9.374997124;0;2.54136157;3.353674155;-2.480939114
15/04/1996;199604;2.06;4.7;-4.05;-0.16;-2.11;0.46;-0.88;-4.166671429;-2.319197935;3.719621271;-1.772134751;-1.075280584;-0.763139866;-4.750612862;-0.31196624;-5.194816143;-5.698582412;-6.818209587;-1.206596409;4.363644258;-0.205409638;-3.146031516;19.12076229;0.270956169;-2.127693923;-0.260406473;15.0197731;9.818207152;2.207505245;7.427042775;0.696955177;2.416381709;-0.294997154;-2.935418469
15/05/1996;199605;2.36;3.22;-0.89;0.16;-0.3;0.42;1.54;14.90683304;3.146403681;10.26352196;-5.245813364;3.478244036;7.179553044;-0.63743783;1.564934968;3.805233448;2.870663416;1.219526967;12.88341944;2.74457614;7.119739091;-0.928139781;11.50360116;5.270269468;1.70984745;0.522201897;-11.68384383;4.856516382;4.103705182;-1.851830848;4.724423093;2.722365778;4.483553383;-1.846454863
15/06/1996;199606;-1.14;-3.64;2.38;3.48;1.2;0.4;0.98;-4.864865075;4.641916412;4.654087669;-2.459072764;-9.243708129;-19.61703615;-0.253155604;1.849037933;2.550623793;3.23808367;10.34595489;6.521729561;-11.30140738;4.833820603;-6.952323058;-2.731773002;2.080369314;0.892836808;-2.707851342;-19.34400993;1.15788505;-17.877305;19.05661468;6.766947689;1.353890064;3.129476656;3.497945099
15/07/1996;199607;-5.97;-3.8;5.14;2.97;2.56;0.45;-0.17;-38.63636085;-4.478471373;1.581286658;-1.960764413;1.157411036;4.761756868;-0.761380739;4.808348599;1.57818936;-2.767534799;-7.397297064;-4.081634683;0;-5.187353557;8.585880001;2.297820538;-3.535345541;-1.592875613;-0.802137223;-27.05314417;-1.873027673;-2.531645816;-0.792437721;-10.25421035;-2.101609921;-1.517264479;-11.53080996
15/08/1996;199608;2.77;2.58;-0.74;-0.41;-2.4;0.41;0.01;11.57406667;0.929601498;-14.21749252;0.49969196;6.636176171;10.22726599;-3.759057618;-1.017450494;2.259829766;5.194074373;2.662761431;6.666656029;4.720219604;1.602651842;6.395356212;6.312637049;3.141416036;7.860593388;0;20.52980765;3.923663408;10.14624666;-9.904107683;-9.448751925;2.046544271;0.113005921;2.668347931
15/09/1996;199609;5.01;-1.39;-2.7;1.23;-2.22;0.44;2.7;-7.053929099;6.052624259;0;5.714379018;8.369061389;-8.505373683;3.217160045;2.055844948;4.744860145;9.437383064;13.6599938;1.750046147;-6.716413975;9.473628791;9.201056343;19.57708087;4.434388169;7.731076902;2.31788809;34.06593397;7.653085247;-10.63827188;20.74466128;-1.739174302;11.44373981;9.704641992;10.96489059
15/10/1996;199610;0.86;-3.76;4.94;1.38;3.26;0.42;3.79;-28.57144082;7.930140013;4.285086073;1.621569959;-2.871255831;3.662092725;1.03897081;9.243496793;0.925964882;-8.955226303;10.43258289;-0.49963754;0;6.855906864;3.61453798;15.12762;-3.902414313;7.020281243;-6.068605791;-18.03278452;4.075796764;-2.116418408;-0.587409701;5.290298071;4.581321415;1.538451589;4.150179288
15/11/1996;199611;6.25;-3.82;1.39;2.1;-0.78;0.41;-2.37;2.343750234;5.868842397;11.772629;11.70072713;-0.713559684;4.891591001;9.174623481;9.946859085;4.1939586;15.92084253;10.90713184;1.237613851;6.107276315;7.493544813;23.5465042;15.52746733;8.121773894;10.97012443;5.05618861;32.4999968;14.29874016;3.513514881;15.80503177;2.109671463;8.308148461;10.35916395;12.33845488
15/12/1996;199612;-1.7;3.26;1.32;0.38;1.47;0.46;0.63;24.58016484;-5.869594797;9.443059763;8.133964476;-10.67763271;-13.4718948;-1.425196752;-5.669432908;7.497864179;-4.897306084;0.833353988;3.185046911;-1.526738028;-4.927871743;-4.685107505;3.202038928;-6.222520768;-5.423261216;-2.786060552;-12.0754761;5.338596154;-6.527462458;-14.79590829;-3.305768777;-7.067751331;-1.034474751;-5.583781332
15/01/1997;199701;4.98;-1.82;-1.46;1.22;-0.13;0.45;1.95;11.76470588;11.99330247;6.273057918;10.38868339;3.678162936;-20.35905319;6.024106463;11.34874211;0.586807688;3.156168276;15.42701503;9.976266399;-0.387606686;5.20747934;3.547878363;23.91402231;16.08036518;3.496479728;0.27550134;19.31330478;23.44936604;-10.66513442;-6.886256292;19.69148221;11.44583596;7.433250072;4.480311422
15/02/1997;199702;-0.49;-2.56;5.69;0.65;3.48;0.39;-2.13;-24.56141053;-0.103186204;13.77497887;5.633777172;8.42571939;-2.255768884;5.419237008;10.9826588;-5.017449255;1.3281218;2.688665516;5.399607728;3.538081554;-0.603802341;-8.366555939;-12.52879474;-0.432896447;8.925755933;-4.945078619;8.633092779;-4.411787684;19.12226093;0.96467974;-5.376335106;-0.94593125;4.31094092;2.049781737
15/03/1997;199703;-5.02;-0.43;3.4;0.45;1.71;0.43;0.9;-16.27906198;-2.995879551;-15.61923429;-8.761948741;-8.588950156;12.30734652;-8.695631962;-7.500011981;-2.817253794;2.555901336;-10.48955535;-8.60657543;-4.562784384;-3.523752094;-4.296539636;-1.938306202;-7.755583569;-6.242201775;9.421777023;6.953648463;-5.961528782;-18.17245568;-1.751631742;-1.893902928;-7.841241586;-4.474489819;-1.851847305
15/04/1997;199704;4.04;-5.71;0.07;3.24;-0.71;0.43;4.86;-27.77776667;9.5683064;4.412891263;9.812153221;5.369152964;-6.848786345;6.562976818;9.36355155;0;10.90344271;15.62504902;14.38379758;10.75695474;12.40417771;16.9399076;10.06288366;15.60288409;-1.864162086;13.22747456;-12.69350292;32.51534225;-10.6451902;3.079487008;8.104473027;14.11590584;9.586067129;12.17838635
15/05/1997;199705;6.74;4.75;-4.12;-1.02;-2.95;0.49;-5.17;11.53845976;5.350172287;11.74601698;6.096370627;13.58809601;-2.206006476;5.405447609;-2.484474063;6.844148566;10.21194438;-0.900938761;7.662137643;9.210303857;8.783765105;7.788137545;-1.027404981;-1.840510632;3.247430494;-6.074715643;19.85816002;2.057634504;12.99639402;17.29558024;5.376425157;7.291653553;10.04850187;0.332158021
15/06/1997;199706;4.1;1.21;1.59;0.56;0.63;0.37;2.6;25.8620654;10.34164988;0.568193022;7.194248869;-13.08409659;-14.28627473;5.769254156;9.660325509;0.993432535;9.987218572;14.96984949;-0.72994509;1.333336565;7.660479702;4.58811585;-6.394395315;7.675307687;2.711654782;-3.699375984;-5.325445526;1.915296647;-0.319481661;8.042824335;2.210830913;16.41822863;2.447818683;-1.984702503
15/07/1997;199707;7.33;-2.77;0.29;0.07;-2.55;0.43;3.79;3.938333815;7.032720459;2.932137429;12.41605673;1.182745983;22.8078687;-4.343435505;10.87247511;10.60067972;4.3072823;14.07336007;1.862949577;7.565829992;7.884613749;17.17440898;29.48430733;-3.495156188;16.99942591;11.25485727;21.25000288;11.86939967;6.098847389;8.064553919;2.169764972;-0.209218833;7.699145834;0.700923844
15/08/1997;199708;-4.15;7.63;1.2;-1.09;0.09;0.41;-2.56;-5.107074015;-11.38500114;-3.185564934;-6.882900966;-15.72794741;24.28536289;-7.462978016;-16.06677219;-7.135259381;4.142320758;-11.54403389;-17.08861156;6.277550855;-10.43406241;-4.137093012;0.374556406;-8.752472112;-1.461935166;-11.97672529;-8.247425788;-6.498605535;2.891908789;5.051662017;-5.882411275;-6.752672948;-12.19906631;-4.788744448
15/09/1997;199709;5.35;2.49;0.38;-1.62;-0.85;0.44;1.47;12.5;9.337764663;-4.864067008;5.305413221;-3.278667994;-0.2872736;12.98848983;3.556477624;0.132610939;-7.104409893;7.578734002;6.434070746;4.941887568;8.791173367;4.756464071;0.203551395;2.144873676;6.126978912;0.831010649;-22.05056038;0.094500919;6.203781861;-4.426218352;12.67362698;8.455537075;3.755813189;4.963405681
15/10/1997;199710;-3.8;-0.55;2.25;1.04;1.88;0.42;-0.57;-6.17282963;-1.014577429;-3.780746138;-4.73280852;2.737916127;-21.46985763;3.560575444;-2.787249151;-11.82544716;-4.982627011;2.470302556;-6.9460584;-3.18558473;-4.679917325;-7.075441104;-16.58768935;-0.541664658;-2.17161176;-5.905543722;-22.52252081;-1.747734922;-22.11401074;-1.800982258;-8.794757706;18.0872544;-1.53843701;2.170538458
15/11/1997;199711;2.98;-5.1;1.19;2.81;1.67;0.39;0.33;-13.15790388;-1.224759368;9.779154823;1.400473268;3.807118892;4.220120247;14.94065665;0.417961669;10.67705618;-6.07200117;9.250277217;10.3752317;-0.646402078;14.31331473;11.16749602;0.847299156;9.69501293;-5.302127669;8.228748747;-7.441866947;8.846152536;-14.28578053;-6.899586954;8.651541756;2.464778762;12.42853841;15.42662567
15/12/1997;199712;1.32;-2.01;3.86;0.8;1.99;0.48;3.98;-25;7.873472228;4.023045811;13.15374557;5.867998946;-26.05548411;0.860599448;1.248678452;-7.602663029;1.173434325;5.896813726;6.933497996;12.93609876;-0.676827641;-4.265656342;-9.500824186;5.052876647;0.689685926;-1.383056923;4.271361558;-8.657245554;-2.083311354;-33.02067347;-1.694929875;2.734423036;4.758015468;4.279145285
15/01/1998;199801;0.15;-1.36;-1.59;0.87;-0.84;0.43;0.14;11.11112727;1.508683497;-7.464743076;-5.988685479;-7.621259305;39.52196382;6.14327495;-0.931370959;-2.681994603;-1.030979101;-8.004633861;-2.905344361;5.019257499;6.071225935;-5.615315606;15.30251414;1.612914666;-2.111881241;-1.308916729;33.25301817;15.4255391;-2.882795804;4.201713243;0.004300311;9.639570245;-1.801138854;7.954565146
15/02/1998;199802;7.04;0.2;-0.85;-0.34;-2.32;0.39;-1.12;12.72724179;8.951868223;4.81922991;7.617637426;6.249977558;29.01123323;-2.128312012;14.4049899;13.91083443;14.28794323;12.23203047;5.984543734;11.848763;0.322596127;5.759503822;10.76724627;12.60501152;16.40250353;15.78248838;-3.978303922;13.61542781;1.754403599;5.913989969;1.038017377;8.256869479;8.63252639;4.8774411
15/03/1998;199803;4.76;-0.63;1.41;-0.29;-0.41;0.39;2.15;41.93551509;4.784151142;-4.166677148;1.943116091;14.58826247;16.40173371;14.66941451;6.478102096;-3.639607005;0.916420406;8.11928801;12.84153932;14.58562161;10.85204851;-0.338467169;-12.9616743;-2.259668741;8.715332338;10.13973617;-12.42937863;5.604696805;5.500010251;28.1725881;16.95201752;12.90104257;-0.589124136;-4.634270884
15/04/1998;199804;0.73;-0.05;0.9;-1.67;-0.44;0.43;0.74;-1.136372624;4.530816584;-10.13790445;11.30020174;-2.053394146;-0.454413934;-4.432428103;4.776373781;-3.956878392;3.405215606;1.979147858;-1.814937774;6.436808978;-0.770200061;11.55240381;3.522845614;-2.638299578;2.733999618;3.124983839;6.881719659;0.698320756;5.316957628;-18.01977997;-6.737248743;14.16925274;-2.592616682;16.68616562
15/05/1998;199805;-3.07;-2.92;3.4;1.08;2.74;0.4;1.82;5.747117241;-5.890749957;0.673379739;0.644283986;1.467526866;-2.739882685;-5.686722058;-0.657853153;-4.619230435;-3.084769197;0.308744967;3.294910923;14.30457461;-2.12764153;1.402375634;-11.56750016;-3.409096221;-1.372237252;6.060642533;-24.14486669;-5.89459855;-22.52424544;-8.695708157;2.834615181;-7.907744524;2.362629095;-8.949032056
15/06/1998;199806;3.18;-3.67;-1.96;-0.26;-3.13;0.41;7.28;-14.67391432;17.9202534;5.351171123;10.84045555;8.057848349;7.746199409;2.893899773;1.572822512;-6.410686569;-3.697336545;-1.020389082;9.090862552;13.73497098;8.995479161;-2.10444027;3.762025375;7.521693723;11.08047506;5.286953947;5.305034805;27.78190308;-5.263250766;3.96828445;0.918839364;3.873704459;8.569300187;-7.229583104
15/07/1998;199807;-2.46;-5.27;-1.76;1.72;0.45;0.4;3.74;-18.47131908;3.359068299;12.44192763;-2.771156281;12.33268374;20.69760463;2.343680992;4.520861187;-12.90325625;-8.328441395;10.9278327;-5.673824573;-3.38985911;-1.581844952;15.40553634;13.91235142;4.391903652;0.165581861;-3.170269398;34.25692384;1.441769582;-20.01391914;7.888073979;-5.169290293;1.03509805;-12.8345593;-1.665663935
15/08/1998;199808;-16.08;-5.17;3.6;3.44;5.89;0.43;1.84;-26.56252168;-23.10403674;-5.135507457;-29.33184084;-17.10638427;-9.927931797;-6.477860032;-27.89964154;-20.2898399;-12.89950874;-33.89014601;-19.09938824;-21.15218721;-10.25592333;-14.99997412;-15.69210004;-10.67964434;-30.24591322;-15.62205844;-31.70731267;-12.73451053;-27.38033833;-24.76416577;-28.41092336;-15.31020695;-3.309839742;-20.21678039
15/09/1998;199809;6.15;-0.77;-3.37;-1.9;-2.97;0.46;-0.81;4.255353916;1.374298466;11.27814335;-0.480728504;24.12731381;22.24476139;16.58450976;-6.956600937;11.31922178;5.952295939;-15.49293846;-11.51632946;5.322124752;-0.546957635;14.29069237;20.50070696;13.78132089;-17.85722454;6.024296752;33.79121203;14.72312412;77.16892947;46.08147026;5.605321122;13.91632627;-7.02613095;-7.517062916
15/10/1998;199810;7.13;-3.42;-2.29;0.94;0.32;0.32;-5.37;0;8.930139213;11.68331298;13.48632207;3.970228126;-2.623214438;4.366253117;8.193211924;9.471750235;0.983229454;25.33329425;17.53477683;15.42550811;10.37510041;15.56421995;4.008715964;4.153374213;31.73917865;12.35601331;24.84598954;-3.804702088;-12.37113711;1.502179924;15.12205672;1.477477218;24.69245166;6.157600753
15/11/1998;199811;6.1;0.71;-3.23;-0.91;-1.14;0.31;1.2;14.2856793;10.18314056;9.413282538;13.94746636;-4.216406869;-13.97290308;4.018830107;13.36955893;8.153070542;10.70757606;7.350993594;3.700320678;2.426109714;3.285728679;11.1953062;20.67274635;-0.306765187;12.65717296;4.473502017;8.717110274;15.2302988;-6.470540978;15.85618275;14.62966157;4.309917251;-0.854233539;19.73497713
15/12/1998;199812;6.16;-1.57;-4.18;-0.76;-3.41;0.38;8.91;7.142872449;2.792532708;-4.357574875;2.435942737;38.95349198;28.17962751;11.8644167;-7.766095124;-19.42726283;-6.953225635;-1.119416221;-4.175103229;6.583472107;12.86309769;11.82288819;10.21131988;3.537303278;11.92120675;9.771425375;22.39031188;13.67828785;-8.176131006;25.91239849;5.654209747;11.8639872;4.208298179;-6.79616052
15/01/1999;199901;3.5;-0.73;-4.62;-2.79;-6.78;0.35;3.03;1.66668;6.598774847;-11.64001611;0.365891238;22.23551384;0.611149171;0.699257516;12.00133795;6.321838859;-5.842348237;12.8301707;-2.518659573;4.685789667;3.173718366;-0.610125002;18.87191128;1.490335219;8.362627591;2.60375503;54.26452391;26.18293296;-2.928885387;28.40580506;-4.270547203;2.89996047;-0.479134706;10.00001002
15/02/1999;199902;-4.08;-5.2;1.88;-1.17;4.06;0.35;-0.1;-16.39345359;10.68609527;-16.53331587;5.706693725;-2.298307375;-15.47823774;-1.649725543;-2.336453543;2.702735116;5.87417442;5.144209661;-2.20092652;-2.734958957;-4.350406825;-7.366981825;-14.90023644;0.293655332;4.020561705;7.850931884;-26.12179155;-14.21429102;-2.473560106;0.902942311;-3.685916433;2.575366612;-1.187270783;6.628797708
15/03/1999;199903;3.45;-4.23;-2.77;-4.1;-1.41;0.43;-1.27;-5.882352941;5.869406201;-10.06384843;8.525302668;19.91992953;3.231789568;-10.75648799;8.133941379;-4.201386063;0.823027338;8.723421758;-3.913937109;-4.425707391;10.28034301;4.556835447;-0.841709203;9.844552983;2.197790331;6.617660783;-16.37744271;19.40047115;1.449313647;-29.19462146;4.326140079;5.348481512;9.427393288;-11.54528473
15/04/1999;199904;4.33;4.53;2.41;-2.55;0.93;0.37;-9.04;-7.29165;-2.957360573;0.744309074;11.19014025;-17.9465713;27.99985481;18.14568698;2.005010571;19.48526696;40.13606017;17.22116718;11.17904842;12.78936844;-4.406937513;18.01835259;2.9442977;4.278045613;1.382499726;-6.377905296;-22.69779807;-9.274750524;37.73953431;2.606613289;-5.421707515;-17.0720691;-4.211816237;2.008035331
15/05/1999;199905;-2.46;3.74;2.3;1;3.32;0.34;-5.19;3.08985113;-2.297041317;9.982233246;-7.364854074;2.950140588;-4.211872529;-7.855487863;-9.606997251;3.538480218;-14.34070435;-11.26928032;0.642842747;-10.00935983;-3.499411269;10.90529922;-11.6445519;-5.00000288;-11.82848718;-9.144557255;1.677858934;-0.768639804;-25.97406074;-8.314050213;-3.891770337;-7.007041988;-0.169441389;-8.267733577
15/06/1999;199906;4.77;2.3;-3.26;1.12;-3.24;0.4;5.06;-4.087194173;2.569706042;4.213908515;7.485772001;-3.75492405;5.10608568;13.44738653;13.33328824;4.944482334;9.339447922;7.547137237;-9.48907617;-1.203509536;11.12476287;11.54859191;10.11136991;6.114911555;19.51648501;6.954328973;6.930688096;11.77380058;11.76084748;49.62214351;8.978890667;2.065760937;-5.622465908;5.793985853
15/07/1999;199907;-3.49;2.57;-0.42;0.38;3.19;0.38;1.66;-21.59089483;-0.910126313;-6.334045555;1.428743032;26.28338187;20.24329584;-1.508579993;-8.815431633;3.125014725;-2.291739397;-6.18423674;-2.081591696;-14.06425301;-3.539779967;-2.756289072;15.96639778;-7.079068774;-10.91045877;1.367778351;52.16049485;-4.850954928;-6.918260403;2.52525214;1.028334449;-6.766019811;2.765911823;-10.54766939
15/08/1999;199908;-1.38;-1.72;-1.84;-0.21;0.63;0.39;3.12;8.695652174;-0.228748127;0.503395836;4.364272153;8.211382046;17.17141432;-15.49602397;-8.851218731;-0.13775292;-2.88093646;0.013968194;-1.238396493;8.409655231;3.359960888;-0.895071249;19.11232152;12.2855387;9.114070177;-0.749677542;21.5010168;7.865953191;10.472991;-4.105102116;-12.35954304;11.43907125;9.981192435;0.68027098
15/09/1999;199909;-2.79;2.62;-3.48;-0.74;-1.17;0.39;6.48;-2.666688;-6.203654527;-8.681142055;-1.818186843;-2.028561883;-2.969293511;6.241877863;-7.954549735;-5.644262785;-3.200922832;-0.984569137;-19.33124727;-3.59716969;5.564837304;-2.765291677;-9.544563446;-9.880412063;-9.932762979;4.652787239;-11.18530943;-2.160689977;26.79751214;24.65758799;-10.62268921;-4.7435764;-5.541587457;-6.306308469
15/10/1999;199910;6.12;-6.89;-3.37;-1.72;-1.22;0.39;5.5;30.13703674;18.46797922;-21.8649767;14.07409172;-2.147204704;26.55495738;3.827183519;16.57979476;8.06452001;0.912196141;23.29547148;22.63576216;9.204041464;14.62008145;-18.80168205;4.205245858;14.01363749;15.75456949;-4.624285528;7.236847633;2.208406802;-15.21740513;4.532948343;14.18708961;10.62718484;11.86667686;1.923090548
15/11/1999;199911;3.37;5.8;-6.16;-4.29;-1.78;0.36;5.64;30.52627696;0.789291411;-0.473956903;-1.730023703;14.26328285;22.15281576;-0.207388;-9.044583514;-11.80463199;-15.65055262;-0.419574345;14.08894678;-7.104493044;-3.966839978;4.898241966;-0.968525751;-0.954611184;-10.96842684;10.90907251;-5.959690483;-1.637360481;7.977242947;42.57549894;-0.360332692;-7.716510588;3.315605037;5.406704077
15/12/1999;199912;7.72;5.34;-8.32;-7.6;-5.61;0.44;13.22;9.677420604;4.267646893;-12.38089804;10.0310115;31.82440974;5.044706936;-7.390929187;-14.36952642;2.324236825;1.482526805;3.364275929;-13.25480177;5.569277005;18.92419877;4.80888225;7.37651915;-9.877455936;0.566294244;-11.78825069;16.49580623;28.23058015;3.554594865;65.25348204;1.98915498;-11.22909163;1.446776109;5.84699912
15/01/2000;200001;-4.74;4.45;-1.89;-6.29;4.74;0.41;1.92;22.79414386;-3.468198841;-7.510884951;-0.902227918;6.035395847;0.911844077;-12.05130543;-2.656507296;7.390607825;-9.827398875;2.356891709;-1.394830141;-6.68227977;-13.18318911;4.055579918;20.19739776;-7.707756527;3.861648637;-7.286792378;-20.4000013;-16.16700908;-16.83675214;-10.84772669;-2.836403832;11.56071174;-7.758156682;24.14527975
15/02/2000;200002;2.45;18.38;-9.81;-18.76;-0.35;0.43;18.2;11.67664559;-15.26944951;-3.293446328;-18.42959058;7.065746776;10.48203981;-11.47267678;-5.032244697;-16.99436633;-16.85821405;-9.2104803;-15.34277987;-15.48540777;-1.212687754;-8.463237509;14.2135437;-16.33990222;-0.758472341;-15.05019607;54.37186755;-8.6845474;8.589053001;48.63934538;-5.860789143;-11.22625978;-12.81025278;-6.368319793
15/03/2000;200003;5.2;-15.39;8.23;11.82;-1.61;0.47;-6.83;-10.99197332;23.81624653;2.786432417;10.99213214;-9.990851749;18.48405844;11.58946824;13.99461299;2.719622207;12.47774832;16.02188557;-3.470453966;10.36029864;17.5636991;15.32807232;16.79390257;-2.07901643;9.497605442;17.7165754;31.24999752;18.88113771;1.412444987;5.134649436;8.560333694;14.10195983;-35.41968154;21.32352187
15/04/2000;200004;-6.4;-4.96;7.25;7.67;5.62;0.46;-8.39;4.819287211;0.227851469;7.997491415;0.377654106;-8.757622767;-8.651629708;4.005883707;-5.528574561;4.958688518;0;-1.461402365;1.043310123;19.18368793;1.342312658;-5.807868099;-3.884442446;17.43773338;-17.27593714;1.839408254;10.56547981;-34.35295139;4.601890563;2.401940033;5.66287163;15.21368706;5.286394914;5.757574618
15/05/2000;200005;-4.42;-3.87;4.83;4.18;1.32;0.5;-8.98;9.195393103;2.621208218;19.42857907;8.547957532;13.6160518;-32.29221209;0.264623785;13.1377411;-1.574821988;-2.221618095;5.673081091;12.96297159;-10.48950541;0.397486999;-3.755496402;-1.675754803;8.484850625;4.093035775;-5.911297071;0.403762152;-10.30465975;-1.600007195;-10.08599954;10.90290609;5.637980365;11.81568563;-3.295128167
15/06/2000;200006;4.64;9.87;-8.41;-8.26;-2.91;0.4;16.61;60.00000505;4.432204063;1.674634643;-3.47221042;10.41257576;24.70254456;0.715310665;-21.72276064;7.432598677;-11.43791607;-3.115560139;7.611273073;-7.832106898;0.712520096;2.219769598;7.244642397;14.23985394;-7.489565944;-8.02795276;25.91599893;27.8720534;-6.233077319;16.95652993;9.216616233;8.076064383;-14.66171148;-8.000006985
15/07/2000;200007;-2.51;-1.02;8.33;6.09;2.96;0.48;-0.1;-11.18420585;11.94155426;-3.256402714;8.753051718;-7.56224432;-2.983424176;-3.267036043;10.17446019;16.74139904;0.553492444;17.01242985;7.092354538;8.284919005;-2.476343177;2.452980651;-0.140219428;-8.650308211;8.141132019;-3.795057238;-7.452090825;-12.73432747;-18.10405833;-10.55763365;3.447451495;-9.635410918;0.440566538;-0.644132121
15/08/2000;200008;7.03;-1.01;-1.37;-3.01;1.06;0.5;5.73;18.51852444;1.657195756;17.82180686;4.26611318;16.74682876;19.92634893;-1.324420787;13.09364031;9.891127634;8.973064637;10.43145315;-14.14372307;-8.220103895;13.72155783;17.60857345;12.17225561;-1.192113662;12.95527361;-5.670618761;0;0;4.946955817;20.94762788;-6.923611704;-0.540300639;9.126081613;1.012995622
15/09/2000;200009;-5.45;0.26;7.17;2.89;5.56;0.51;1.97;-6.250004687;7.390498509;-1.050399679;2.938872195;-7.893659622;-57.74364485;19.41642644;-1.275259006;20.59234298;-15.68206212;-7.169191677;4.719544185;5.426328905;-1.385914639;-14.59268509;-44.47326676;2.496197781;-17.3377548;0.993217981;-43.55828193;-13.60787398;-8.417485069;-13.40207485;7.878379553;4.35246449;8.364951238;-1.805065327
15/10/2000;200010;-2.76;-2.72;5.64;9.28;3.84;0.56;-4.48;-14;2.416697122;26.67762636;-1.234578507;-17.02841332;-24.02902662;15.6641263;-8.233938038;5.135739696;13.10481407;-2.65894533;9.87290726;2.450951298;-4.968467402;-12.54158927;8.270649319;-1.929515521;-1.488499031;2.691512395;-24.45652672;14.1969087;-20.0923052;-16.19044981;5.6448579;-3.860792773;6.623112508;-6.372550229
15/11/2000;200011;-10.72;-0.58;12.34;13.38;8.42;0.51;-2.32;-13.17828837;-1.084135547;4.266195132;-8.31822082;9.816614592;-15.65507883;-4.297378509;-16.90505936;1.843314908;13.38521175;-5.34442738;3.726779227;-11.88449876;-9.578168062;-5.076146546;-15.416685;8.548253274;-18.39749032;2.822557927;-9.352514295;-16.69692251;15.2073674;-19.69698364;-6.322530683;2.604861571;5.314675819;-19.19721148
15/12/2000;200012;1.19;3.3;7.6;2.44;4.79;0.5;6.74;-13.39285619;1.716488971;15.22099005;0;0.491166707;-9.848409985;-13.08303661;16.47756447;-4.228751838;20.34973869;2.787833575;-2.420206532;3.021938792;-3.278660277;-8.975209665;-20.98420118;5.420645373;23.22036044;7.364847896;12.69841426;-24.40088348;9.19998195;9.66983459;9.228587961;4.026855372;4.757934424;0
15/01/2001;200101;3.13;5.45;-5.11;-5.46;-5.05;0.54;-25.3;1.546391625;-13.73999021;1.382176509;-14.2662622;9.970700673;45.37817337;1.256573637;17.3187417;-11.36362382;-6.536318396;9.610778973;-4.82050025;20.27740101;-3.77120204;31.76462459;23.0769181;-11.35753303;21.02336428;-13.67643945;28.9295788;40.77811384;-9.286847919;0.215022011;-10.79931458;-1.847816937;-8.411178893;5.95181421
15/02/2001;200102;-10.05;2.79;12.48;9.12;9.06;0.38;12.57;2.538054616;-3.787382805;9.499968662;-6.692901469;2.48886118;-15.60694165;-0.842619425;-5.797117434;6.324779808;-5.208733131;-12.13152244;-8.568975012;-0.28200521;1.130909288;-10.80355661;-22.80402368;4.509791225;-14.52659847;0.170371982;-25.23487012;-3.377735709;9.061533597;-34.76392973;4.560867441;-0.332246482;-1.385429237;1.642066726
15/03/2001;200103;-7.26;2.36;6.43;3.39;3.9;0.42;8.55;-18.81186684;-1.546183541;-1.515121078;-5.879675475;-16.47873746;20.9315374;-6.436077184;9.176973744;-10.1648481;6.682683796;-8.310685079;-14.84067287;1.114735772;-9.97853016;-3.613906322;-7.825828728;-9.828755348;-3.771930991;-9.693883208;21.36176698;-7.309257151;-4.332352029;-23.00002127;-4.622406824;-8.777179902;-11.20567456;-7.592905315
15/04/2001;200104;7.94;-0.88;-4.69;-3.48;-3.18;0.39;-7.9;63.41460845;1.614902003;6.746565859;2.760254193;1.582551347;15.49616268;-7.57337808;2.283110196;10.93159297;13.11403765;9.270786049;2.649627344;4.836368917;16.35171069;19.71295066;17.47265661;10.30064559;6.859663415;3.5781205;9.270410149;23.88565079;13.29062197;10.45797559;-0.012954098;5.738759128;-4.0735014;5.769244492
15/05/2001;200105;0.72;3.59;3.36;0.25;1.91;0.32;2.21;0.477617939;-0.977981591;2.594225782;-0.544521718;8.570438842;-21.73407979;4.968252201;5.803591395;1.763748112;8.650929675;4.27264642;2.619623569;-16.55618526;0.968535852;-2.900866984;-12.61725109;0.487154041;3.2826132;10.10911919;-17.36447488;2.110749335;12.39715353;-5.32177475;2.168463961;-0.946939305;7.633839785;4.528903248
15/06/2001;200106;-1.94;6.57;-1.13;1.27;-1.51;0.28;0.38;1.010106952;4.997816229;-3.715161432;-7.88226548;-8.586869822;16.54167293;-6.945379838;2.277452998;-11.35852073;-7.588642199;3.388472576;-5.063292756;0.821342523;0;1.643342042;8.361075318;3.433294264;-9.521812617;-10.63408193;9.59999765;5.521783216;-9.175204248;24.18301703;-1.251101021;-6.381916274;-0.684948264;-8.633786432
15/07/2001;200107;-2.13;-2.83;5.21;7.42;3.04;0.3;5.58;-16.47059903;-2.070313226;-7.077823947;3.943319581;3.345414839;-19.18284336;12.40636051;5.980359227;5.269804628;10.08990698;-4.977300316;-0.498815017;3.747466493;-11.22449832;-7.303959925;1.914523748;8.286592971;-2.631011185;7.68663314;2.189779315;-9.328756471;0.628592045;-4.842105813;5.834203655;2.92138125;11.31659228;-8.791959957
15/08/2001;200108;-6.46;2.71;2.3;4.06;6.56;0.31;5.53;5.633810256;-6.066042202;4.17588121;-9.511826091;2.535459791;-1.27734756;-8.582763229;-3.332255016;-12.52351181;-8.658910299;-8.783075477;9.125613285;-21.98663341;-5.672139765;-4.999488554;-6.20596917;-2.569293549;-8.326449114;3.054203116;-10.45237385;-13.80875674;10.90902566;-32.46680781;0.793559178;-7.059685563;4.977694879;-3.49144918
15/09/2001;200109;-9.25;-5.73;1.46;5.03;3.22;0.28;11.48;4;-0.204340471;1.877600517;-20.20867999;-8.600305125;-16.3882609;15.17968472;-5.040719434;-34.37068472;-10.40001339;-11.29177752;-3.739491747;-11.64170727;-9.046493634;-8.113051934;-26.85001189;5.449163009;-13.32483249;-9.623678505;-49.93353259;-10.30667872;13.78974457;3.030237057;3.191465621;4.953520662;-1.834116812;-26.77940304
15/10/2001;200110;2.46;5.28;-7.66;-3.01;-4.55;0.22;-8.47;-29.03846154;0.769235884;-1.903828642;1.273230756;-3.318015898;13.2170761;-19.12138233;1.932327816;-2.686603223;-0.178563573;12.39502616;2.568089397;-7.492798204;-1.680510391;17.82599289;19.47165053;4.530704068;3.543201873;-3.942564477;20.87095555;13.64073524;-1.552509239;7.79020666;0.741823842;4.488811881;1.360104228;-0.16112462
15/11/2001;200111;7.54;-0.31;2.22;-3.74;-1.66;0.17;-8.69;1.35501355;4.834571947;0.790554325;12.13401834;16.91305883;21.29870709;-1.363262278;4.051483134;7.668711928;6.834505991;5.228505945;-1.921470047;19.11947698;5.740165006;6.958442918;33.74280791;0.587118637;7.720952301;2.953622744;19.33215653;10.42135804;-15.21551279;3.466049684;-0.164253959;3.365118571;5.553242047;10.11297547
15/12/2001;200112;1.6;5.16;0.85;0.35;-0.28;0.15;0.07;27.00534759;-3.640790598;-2.798420966;8.447313298;-15.03840176;2.816759089;4.788669278;2.557855148;11.04603163;10.18561074;5.757939632;0.78262961;-17.00104009;4.103901175;4.774880381;-3.631489808;1.764495502;-3.632034306;-0.542333716;14.1384437;3.177019968;-2.846904567;-1.568036368;0.123382892;-7.75060378;2.155963078;1.221300158
15/01/2002;200201;-1.44;1.25;3.44;4.69;2.85;0.14;3.75;-14.52631579;-6.564226792;10.66920082;0.448302624;-1.665467026;12.87688367;-4.391074947;1.100155054;5.595663872;-3.770362611;-6.101435936;-7.210997577;-2.671764811;-6.897106846;-10.80526925;11.4148663;-2.690353167;-6.327355224;2.682275631;8.870963365;-3.833909947;14.45921117;24.9818889;3.184018346;4.56710505;3.222594788;2.719499706
15/02/2002;200202;-2.29;-0.36;2.16;8.06;5.1;0.13;6.82;0.574704433;-0.242731055;5.088807115;1.902043748;4.468476057;-12.21683403;1.693646733;1.459611142;12.23442596;11.21230814;-4.213198529;8.320002472;-2.074843546;3.633893319;-9.055506878;-18.52167345;5.894658601;-13.28584093;-3.973504396;-4.740730231;-8.428818499;10.43945791;-3.708020651;0.81858616;-1.703836617;4.305119013;9.211760752
15/03/2002;200203;4.24;4.24;1.06;-1.78;0.59;0.13;-1.64;29.71430447;-2.417437787;0.019015397;12.37308723;2.932035923;9.078367607;-1.057053775;7.376722375;5.420801866;2.414004977;9.436451753;10.2764153;10.81994536;-2.403735922;6.132422432;6.577616115;6.981759749;21.8803249;6.321872371;2.332808235;3.376764866;14.80104591;-22.98434392;1.980085456;-2.671274374;6.250773586;0.347834673
15/04/2002;200204;-5.2;6.73;3.88;4.59;5.37;0.15;7.63;-14.34864604;-4.186292974;4.489087814;0.122074537;-11.39410857;2.534725379;-17.04061563;6.556871127;-7.564800975;-3.92261576;-12.56056912;6.662499283;-2.971533881;-15.64172433;-19.46155351;-5.9191213;-1.678248795;-1.542756303;2.342310739;-27.96352574;-13.34774618;3.087658778;-21.56248543;1.067571759;-8.530425281;0.18869894;0.433275215
15/05/2002;200205;-1.38;-3.02;1.53;2.35;2.42;0.14;3.16;-16.01764026;-3.11055027;5.180995319;3.866148159;-9.928118804;-3.996850461;11.2033581;4.594353512;-4.372185776;-3.698414426;-0.277141849;0.090085054;10.31252134;-1.299550178;-3.951779111;-3.4603358;-3.930457386;3.417455132;5.422554653;-0.506331243;-2.583179647;9.470387887;-21.11556537;0.15414957;-4.814338145;-0.371532914;-1.16479028
15/06/2002;200206;-7.21;3.88;-0.03;3.93;2.51;0.13;6.03;6.736666667;1.881418226;-23.70304244;-14.56130563;-12.07222549;-23.94827079;-11.05283788;-7.189026725;5.90579303;-6.351598869;-9.890420421;0.791918864;-8.778322004;-6.711569947;-10.32753317;-33.80477805;-14.527261;-5.646747807;-4.976576911;-14.24936887;7.444450663;-15.63605483;19.57078514;-7.272009534;1.509234662;-0.279213832;-17.50330113
15/07/2002;200207;-8.18;-6.42;-3.87;3.76;-1.02;0.15;3.74;-25.08196516;-6.254343678;6.755955725;-2.918468704;8.978010024;-13.8826829;-9.311427924;-4.717661677;-7.733277523;-8.682328135;-13.44514367;-10.48992479;-15.8125082;11.5380136;-2.222232241;2.846230251;0.650615364;-26.41508229;-13.0053139;-3.610287041;-12.28519263;-7.240828356;5.70216532;-10.65410421;-7.571426235;0.426690597;-6.19046547
15/08/2002;200208;0.5;-1.32;3.31;1.34;-1.42;0.14;1.9;-27.35231648;-1.752192904;8.577607062;2.489788149;-1.336524706;-3.341838588;-9.78844411;5.383495673;-10.71775495;-1.574909485;-2.355402979;2.122540832;-11.95359162;-6.366436089;7.073827831;-11.2826349;3.250941552;6.92848165;-3.999985035;-11.49306269;2.292615028;16.76227121;-4.195811129;-7.894741185;2.256533354;0.123156927;-11.56231263
15/09/2002;200209;-10.35;3.1;1.44;3.26;-2.22;0.14;9.13;-0.903614594;-12.89808054;-22.40000396;-13.53305698;-7.395110781;-1.694862793;-18.75501053;-8.961207934;-7.508580067;-14.7112544;-2.390769065;-5.960792914;-16.73749347;-18.2421369;-22.47397421;-16.57682307;-0.057425477;-28.06813442;-25.67341385;-28.28985874;-10.88015692;-3.336528892;-18.03959764;-6.573956874;-11.91290474;0.823510141;-3.443889453
15/10/2002;200210;7.84;-4.3;-3.95;-3.36;0.78;0.14;-5.58;6.534985796;14.44120034;6.4492743;16.64534648;11.65468897;10.82713734;27.66170395;10.39108;-12.83331815;9.752798996;24.62061046;-2.704108755;-13.67346186;3.150985257;35.37990585;24.55004855;8.635349655;9.268045598;2.548139225;29.34519025;22.24512038;-10.14172528;29.64375789;19.81824067;9.476159258;-1.040497169;10.30384263
15/11/2002;200211;5.96;2.95;-1.27;-9.19;5.15;0.12;-16.33;19.82879888;4.156666268;-7.435599381;7.301095691;1.374556533;-3.546787233;12.51231682;0.401133219;14.4537791;23.26732455;5.736490465;-1.807217146;36.14584114;7.405928891;10.1089289;20.6936263;-2.944670933;23.42709454;2.153503527;-1.187501353;7.873539654;-5.299384269;19.23453692;-3.673435281;-0.755382544;-3.996600627;18.68261596
15/12/2002;200212;-5.76;0.64;2.13;6.27;-1.69;0.11;9.64;-7.142857143;-11.2049101;7.449660002;-9.195991417;2.415279536;-7.548400399;-4.877192728;-0.727700069;-2.589967069;-8.376773377;-9.490686257;-3.516146964;-18.2776816;-10.21387527;-10.67352636;-25.35148202;-5.484535833;-4.648401908;-11.86920693;-38.39342217;-10.36753287;24.00684729;-11.11111543;-0.612054512;-2.667857336;1.668050542;-17.70937828
15/01/2003;200301;-2.57;0.67;-0.73;-1.03;0.76;0.1;1.55;14.87180769;-6.376192355;-5.093391179;0.735184837;5.419942497;0.209363081;-9.848820551;1.628440094;-4.243749582;-3.805724413;-2.38710126;-7.709839881;-2.042984357;-4.250146868;0.903255291;0.578062884;-0.186188985;-2.750039171;-11.44279501;-15.70841598;-8.201168425;-0.147590427;11.38885668;-3.784906398;-0.686956906;-0.430519957;8.634956996
15/02/2003;200302;-1.88;-0.93;-1.38;0.87;-0.61;0.09;1.17;-24.77678295;-8.9245849;2.059654338;-5.488299138;7.221332783;4.526420013;-14.1278299;-1.156276489;-12.75718092;7.665453843;-2.391193791;-0.593150877;-7.707428894;3.932594023;-0.319695543;10.15324907;-2.163768663;-1.431330248;-4.424144349;-2.679660037;-0.126433571;-5.595859399;-0.581850252;-5.335925888;-1.301351833;-3.877443959;-2.514285272
15/03/2003;200303;1.09;0.68;-1.93;1.87;-0.76;0.1;1.48;-30.86055922;0.324567185;-22.48382919;-1.04228707;5.325780803;-5.796037195;-3.557743396;-3.466226703;-8.573624213;4.680889357;3.329351036;0.64639208;-9.615346682;6.875989717;0.811507745;-5.502336856;10.78793074;4.541433631;6.245391366;1.877351452;2.480323817;-4.317626097;-9.280942526;4.384147005;4.493641771;8.783284669;-0.234457856
15/04/2003;200304;8.22;1.05;1.17;-4.67;1.08;0.1;-9.33;8.583735748;17.30502929;4.523282859;13.93314099;6.516084366;0.565956799;16.45064119;11.83876394;8.858748805;6.910473008;13.93322332;0.388823708;36.96803287;15.49013318;8.249371121;13.0221261;-2.609315695;23.78741094;18.2572504;4.422598226;5.617521843;3.47845065;9.493095285;8.632216337;-1.315788935;0.898364902;9.635694635
15/05/2003;200305;6.05;4.85;0.53;-7.02;3.02;0.09;-10.7;22.33197187;-0.120782797;34.2652255;10.29944517;5.611748923;26.23011723;10.67176992;0.202609583;12.42670452;-0.192616764;4.509602667;12.79704105;2.939233098;-2.546688411;3.698449497;13.15216673;-3.566418117;13.55251207;9.532190846;33.17646338;-3.754376735;9.770534501;9.511788011;2.125678187;0.878088191;2.660502306;5.305479619
15/06/2003;200306;1.42;1.66;0.19;0.44;-0.34;0.1;-1;10.50082561;-4.664822059;10.02425977;0.360065474;1.853608895;6.183847655;0.353499668;6.509419643;12.54834941;6.730594169;4.87368126;1.843342837;4.666662139;-0.069732542;-6.120952045;0.057121801;-4.462175167;4.017043725;17.77891863;3.798597654;4.185286762;9.44029534;-7.686422415;0.678772501;10.58850776;-2.875171027;0.508915648
15/07/2003;200307;2.35;4.58;-1.19;-4.23;1.85;0.07;-0.32;33.47951754;16.44102689;-10.64413655;5.644609589;5.292662649;10.59828358;-8.571420548;5.369978712;-3.496499164;21.21812846;4.67293907;-2.643149186;0.636967953;-0.188635548;-1.515150842;19.60589709;0.174076419;2.54537233;4.306468954;24.59574424;3.003108457;11.36390889;-0.16651555;3.902646957;-2.313285442;-1.468942427;10.98731145
15/08/2003;200308;2.34;2.52;1.54;-2.21;2.13;0.07;-0.62;-6.900329343;-7.21184352;3.024200695;2.236863867;-5.026620579;7.257864904;-2.434618461;-4.020778391;12.89253408;7.101393484;-2.482004041;-3.224437528;5.494884973;3.973229901;0.935426722;14.86541015;-4.267272234;-1.387106076;-2.564114961;-1.912580846;0.416496245;8.753483956;7.005840278;-3.321038463;-10.31176795;-0.148132091;-6.478082656
15/09/2003;200309;-1.24;0.55;0.1;1.06;0.34;0.08;-0.19;2.470588526;-3.139159474;6.259050974;0.022164641;-2.153513563;-8.359054537;-0.934980238;-1.526786148;-7.702818195;-4.162657281;4.982705701;-1.28672446;-6.83392431;0.811615174;7.922606634;-3.665910732;0.351287489;0.321427547;4.995549296;-6.545955447;4.826629587;-0.329900745;-12.31485642;2.896294117;2.002898996;6.335225585;-1.609780297
15/10/2003;200310;6.08;2.67;1.92;-1.3;1.48;0.07;3.99;10.21815272;5.540878155;7.929024361;4.150021829;-4.277728784;10.47285387;7.775284497;-1.972747026;12.11761633;6.449778084;4.152914455;8.538692757;12.62769023;-2.079758329;1.301956975;19.73114847;1.635641954;4.573250395;6.202177405;6.855441355;-5.971236542;11.99797871;6.399953036;4.718168786;4.015821788;5.893076623;12.2459559
15/11/2003;200311;1.35;2.25;1.81;0.12;1.81;0.07;1.46;-5.20834375;-4.734568215;11.82797338;-2.382994829;-6.703368971;-8.650013249;-1.268540851;-0.396174177;-0.259827161;4.270127991;-0.045469888;0.215508814;9.705787015;-1.171975233;1.184573301;1.790605071;-2.046442214;-0.435972948;2.519986682;-9.274759614;-1.093240396;9.958853676;0.417694766;0.627370783;6.234148049;-1.618022118;1.98759557
15/12/2003;200312;4.29;-2.53;1.6;0.51;0.95;0.08;-5.57;11.53846281;14.37453645;4.653865995;5.513035555;7.237042312;2.199930755;11.98448112;6.628683344;10.2573487;9.164987666;3.2106696;9.657824886;21.21215489;8.057179182;2.548986649;-4.385692548;5.288952166;3.757097749;-1.613501133;3.535750405;6.456649005;0.97636989;10.06661175;-3.117172535;5.741515214;3.782193725;1.039415965
15/01/2004;200401;2.15;2.44;2.46;-3.66;3.39;0.07;2.58;13.89162698;4.89970297;3.45002492;7.707041034;4.644770438;5.568679155;-2.186414647;2.349437785;-0.92551531;-5.890156986;1.936619019;-2.975418649;-9.125011587;9.265226802;7.067403363;-4.773766146;3.406952014;5.880735244;3.664976109;19.59910931;1.023002892;-14.21097243;4.761866915;1.716137346;3.679636411;1.201490468;3.849810642
15/02/2004;200402;1.4;-0.88;0.87;2.15;-1.22;0.06;-1.14;-9.688573502;6.551404519;3.525790885;3.047815429;-1.74762826;6.028331888;-4.743724058;0.564668307;3.880259604;-2.615672764;2.408487595;1.462233034;-4.836257364;-3.300625261;-2.75117057;-4.325039451;0.917237006;6.462473319;9.945574227;-6.641840787;-4.050625091;4.296634806;-7.142868711;9.818040281;0.054602885;1.884532619;10.54165023
15/03/2004;200403;-1.32;2.12;0.23;1.61;-0.99;0.09;0.17;20.21071839;-3.581057725;-5.386605245;-2.938950419;-8.468403837;13.04341899;2.207405206;-1.147437277;-4.933951797;4.38280826;2.865065199;0.680560573;-1.309070949;-5.577242646;-4.674803041;-6.730467691;-5.50227776;2.267206548;0.954079287;11.10371752;-6.030884455;7.318840665;-6.759915769;3.757191581;-3.936318286;2.311924906;-5.804751948
15/04/2004;200404;-1.83;-2.07;-3.02;3.42;-2.76;0.08;-5.38;-1.91235075;0.50882349;2.905375702;-5.410787373;-2.992274012;-4.659795605;1.466987425;0.368129328;3.944459821;-1.694679154;-6.982594909;1.042979327;13.19081621;-1.867644544;-3.996067514;-5.404423635;6.526054499;-10.369504;-4.690255348;-18.49191756;4.813451109;-19.70175583;-6.24993662;1.496400161;2.025705604;0.867728975;-7.84312653
15/05/2004;200405;1.17;-0.42;-0.23;-1.15;0;0.06;1.5;-1.787156928;2.302838544;-13.38029844;3.574979855;-3.031366291;8.844081261;-3.628843975;3.279950014;7.285055193;-2.617526175;-2.64779506;1.542452937;-2.713389263;3.906556827;0.476369958;10.95993428;3.109345045;-1.226585831;-3.048089394;10.3524244;0.382683861;6.176482142;1.333281104;-2.055459352;-1.174518062;2.408354887;1.91054906
15/06/2004;200406;1.86;2.57;1.23;1.19;-0.38;0.08;2.05;-6.534317618;-2.755735403;4.336070848;1.341317425;-0.23769142;15.9657205;2.320572397;1.792395935;12.07121724;5.428005108;0.150799295;-1.694271559;5.387205022;4.113060433;-0.294917582;-3.180114381;0.503495619;5.238884676;-1.515170939;1.862946415;8.883024686;-2.209818147;4.649146216;0.95564714;-2.53804886;0.983089211;8.606735854
15/07/2004;200407;-4.06;-2.95;3.22;5.31;-1.66;0.1;-2.28;-0.884973373;-0.781915719;-3.542170297;-2.008246843;4.233114601;-0.614531074;4.494905376;1.438080433;-0.665452976;-7.489920523;-5.182813126;-12.69131622;-5.942502172;3.241344407;-1.225188907;-11.66667632;-0.77198892;-3.714224029;5.769209969;-11.62639818;-0.245131395;4.411822915;-11.90279257;-6.811233564;-6.767779062;-4.206463895;-9.415472606
15/08/2004;200408;0.08;-1.15;1;1.24;-1.44;0.11;-1.59;1.339285834;0.835108265;2.83615383;-0.457713107;4.236980228;6.648166485;3.113371459;5.822882029;2.896535186;-0.561511119;6.614351169;1.93794208;-3.495444718;-1.383493173;-2.733410659;-12.67434542;5.120334851;6.965380958;-1.745405075;-14.9297767;-4.176912908;9.68618028;-5.137965716;0;2.221578303;7.819613067;-2.771736153
15/09/2004;200409;1.6;3.27;-0.02;-1.44;-1.89;0.11;5.49;5.726881562;-4.562034156;-3.901937707;2.878860654;-4.182820702;12.35136607;0.620401797;-3.668323791;-0.748872876;10.66027151;-5.281255761;-10.42272341;-0.425233955;2.409279434;1.454156928;-5.621153213;-2.553180489;0.378997831;3.737954183;4.517800433;1.580802962;2.568148252;13.13947092;-2.699938832;-5.827603416;-3.305358918;0.445421613
15/10/2004;200410;1.43;0.19;-0.25;-0.49;0.49;0.11;-1.38;-6.666675;-10.61336831;4.546619835;3.128657548;-0.017609903;35.22567376;-2.658947256;4.414128197;-3.331972498;0.111846461;0.566638748;2.117383538;-7.259768919;2.210563947;4.676928225;10.96709033;3.639229513;-2.844225021;3.995730676;1.246886031;1.157348054;4.547348767;12.2340113;2.372863692;-5.392157558;-5.432340559;11.84037891
15/11/2004;200411;4.54;4.11;1.45;-0.59;-0.21;0.15;3.16;43.83929856;4.348512779;18.6339481;5.213885871;5.704251717;27.95801444;0.803669441;3.304289986;7.354635774;14.25003581;1.782787146;-3.320207764;9.660319095;3.634252113;5.00278944;0.539085143;3.323069269;-1.632047936;5.454554939;-9.031202669;-4.147330429;-0.357721248;0.631901979;0.665603461;-4.076012886;4.989204713;6.582064103
15/12/2004;200412;3.43;-0.05;-0.21;-1.17;0.46;0.16;-2.87;23.40162011;3.662203548;6.279319237;1.18466868;6.845423312;-3.952184693;2.38377216;1.556087584;-2.987418189;6.510074197;7.664806646;6.595822543;3.244008293;3.223952926;4.807489086;4.6981614;5.636095099;3.612178074;6.229982984;11.46210147;11.07989828;-6.017268463;7.692321959;4.588221789;-2.585931605;2.991705569;3.422603996
15/01/2005;200501;-2.76;-1.18;2.07;2.72;-1.46;0.16;3.05;15.6941642;1.063766191;5.73256975;-5.357445989;-2.977391365;19.40988992;-7.799726235;-0.35032718;-2.260016342;-8.624729872;1.805743039;-0.360261561;-10.04098307;-0.424330858;-5.234305673;-4.018785731;2.018271386;-4.306552328;1.029350254;-15.70850193;-1.646674562;-6.349945614;0.364434575;3.344335175;-10.15248899;-3.358698079;3.905832094
15/02/2005;200502;1.89;-0.3;1.54;1.42;-0.05;0.16;3.37;-11.91305166;0.76936121;2.851330187;1.721191447;-1.012246999;16.6710204;2.564851266;0.603868997;8.636341166;7.146785008;-2.711511474;3.157363476;-3.216839962;-2.574030107;-0.89917363;6.859709496;1.391067939;-1.231740937;2.130281019;10.47070604;-4.261779672;8.199112256;-5.954995686;0.297953733;8.816161594;0.184321014;-2.410080254
15/03/2005;200503;-1.97;-1.42;2.05;0.45;1.29;0.21;0.41;-6.86080488;-17.05090276;-0.396031138;-5.133906173;-5.518545917;-7.111017093;-1.537848774;-5.466256008;6.848225731;-3.797961298;-4.984148373;-2.64014514;-10.43480285;3.086189777;-1.107908555;-2.823741808;2.821136263;-5.335156927;-5.864579665;-10.08696661;-3.638433648;-6.111102726;-3.629334943;-1.541027752;0.672608361;-0.169542911;2.827490337
15/04/2005;200504;-2.61;-3.98;0.05;0.94;-0.95;0.21;-0.69;3.444626391;-8.056856269;0.508581535;2.8314686;0;-13.46293057;0.464319897;3.117138017;1.813212038;-3.707407042;4.494888055;4.929781794;-19.59398697;0.388262861;-16.41492113;1.248413193;2.188786864;2.572277079;-5.876690841;-6.092837913;4.675226712;-9.930021181;-7.371788045;5.371837652;3.425962244;2.169826718;-8.109980235
15/05/2005;200505;3.65;2.79;-0.59;-0.95;0.29;0.24;0.45;8.811469835;9.242863179;3.30820462;2.182164987;7.507302884;10.26076734;-0.435813197;2.841909716;7.358848764;7.382573424;1.266436815;2.739408723;10.72285281;0.773478128;-1.08669608;14.62586552;-2.229310667;1.742604194;5.561244885;13.0792973;1.976225256;-1.922549551;10.72665509;1.114330756;2.68678796;2.374304021;3.939397361
15/06/2005;200506;0.57;3.28;2.81;0.96;-0.52;0.23;2.05;13.27683616;4.590467075;-3.693728078;-1.151343929;-3.387675388;-7.419564383;1.582561034;-1.532810651;3.711138011;1.275093509;-1.86800155;-6.453047904;2.60522309;-5.016475752;-1.526046661;-3.161568782;-2.654791863;-1.202786559;-10.31029415;-7.012749035;-3.415480915;5.09452817;3.124998558;-4.141457311;-0.463226114;-4.35171924;-8.236148041
15/07/2005;200507;3.92;2.79;-0.78;-1.23;-0.81;0.24;0.06;-9.808815461;3.848136863;4.661455052;3.555313949;31.93843307;15.86517762;2.947365012;-3.469121877;0.015190663;13.12557444;-5.905203255;5.48638928;4.882808726;0.184113778;12.47979908;4.304396817;-1.600017509;-0.509650935;12.32434045;16.3565145;3.099846782;-3.791896004;2.803059256;1.585042843;-3.915861174;5.45966698;1.826842986
15/08/2005;200508;-1.22;-0.9;1.34;-2.11;0.36;0.3;2.08;3.686640723;-1.66114387;5.585459288;0.436338611;0.16300785;9.941461445;-0.175426082;-1.307339943;1.530048767;3.414948218;1.627989262;0.548500601;-6.309919921;-2.579665821;-3.402823859;-5.232176895;-0.891146969;-2.619795131;4.106528058;0.25251578;6.911337888;5.40612454;-4.274172358;0.586823873;-3.849052368;0.241792905;-1.755053328
15/09/2005;200509;0.49;-0.36;0.69;0.27;-0.6;0.29;3.43;-1.2;4.927674954;4.257431262;3.982638361;-0.287879153;14.33141662;-0.456789402;-1.012940552;1.766613911;5.874962274;3.998185631;-1.84096262;-1.103329651;0.178503556;-0.256825406;-3.881152898;0.341806268;0.118018772;3.204912516;11.67087657;-5.747548158;19.17636317;-4.541977727;3.391033462;-1.299179977;7.173748101;-4.208024377
15/10/2005;200510;-2.02;-1.43;0.41;-0.94;-1.29;0.27;-1.39;-18.75843455;4.583618296;2.951895666;-1.008894179;-5.083459664;7.424036342;-0.500610765;3.895493766;-4.871185288;-10.48511658;0.571177838;-0.318535802;-15.61864611;1.377597165;2.069314129;-4.665293471;-1.042972083;7.928114223;-5.643455026;-2.330824945;-0.116635633;-9.467206817;2.258088121;4.672276934;-12.93557759;-5.835813824;0.994604198
15/11/2005;200511;3.61;0.84;-1.2;-0.74;-1.14;0.31;0.35;-1.495016611;3.611101284;-3.011330715;3.564161892;7.021919435;17.76339744;5.871650306;4.91536478;5.491975624;10.36659848;6.050702514;-0.210330274;-1.068267568;5.33764209;8.573475047;13.5319312;-1.38931357;5.50241734;7.120228955;9.776749193;7.704346244;8.262949348;-0.630886668;0.203133579;-2.483883265;2.662545444;2.297921929
15/12/2005;200512;-0.25;-0.2;0.22;0.21;0.23;0.32;0.77;1.180438449;1.847942293;2.651468599;0.077814208;-2.557724799;6.001228067;-1.686066497;1.653158348;3.399763062;-0.017324871;0.933779436;-4.953019249;-5.043105097;-1.875679384;-7.314827909;-6.125431544;-2.162355772;3.76467607;1.65952314;-6.661992072;-5.250518444;16.02821964;-3.095237381;-0.202721783;10.94657334;1.206518384;-3.850789277
15/01/2006;200601;3.04;5.77;1.09;-0.66;-0.43;0.35;2.53;8.611116667;-4.059809865;-2.166665279;1.923797178;-7.570398549;5.035477465;5.96161666;-4.160342074;-2.747703116;17.53507369;-4.018110075;2.654464451;11.13995081;-5.895979895;-1.094896536;-14.82375746;-4.259569814;0.151220731;3.825590745;10.29301532;7.648183273;15.73037914;2.948357587;-2.792679586;10.12008586;2.332383042;6.712727828
15/02/2006;200602;-0.3;-0.43;-0.37;-0.5;1.9;0.34;-1.84;-2.813309319;1.374882054;-0.608235175;2.961367261;3.553309057;-9.296805664;7.758041266;3.662624358;6.411950552;8.057936552;-0.450842296;1.425803553;-6.019289917;0.366386544;-1.303839841;-3.104450075;0.191174473;4.379897334;-0.285618114;5.653947891;-4.547111628;-14.36896773;-1.193299589;3.375313997;1.985951249;1.667219378;10.58868156
15/03/2006;200603;1.46;3.4;0.55;0.1;-0.4;0.37;1.26;12.47368487;-0.406876166;-1.446452344;-2.468402597;-3.616836752;-8.424573036;-1.993459136;-0.676137674;7.660081743;-1.737808819;2.943395535;-0.238267965;-0.125487832;6.603001838;3.03727873;-5.086250473;3.305168639;1.215309053;-1.57546233;-5.093486395;1.608496389;-1.946349809;10.22544038;-2.233146289;-3.933494315;-3.837820399;-0.357255688
15/04/2006;200604;0.73;-0.85;2.34;1.79;-0.01;0.36;0.61;7.814698541;-1.047319357;4.376350383;2.397730508;-6.941609746;12.22892309;-3.069499493;10.82653373;7.083287351;5.472734795;5.759072414;0.946614825;-12.68843512;-0.546300424;-0.157628462;2.67216823;-1.030007879;8.981775683;0.611184712;15.28532388;-11.24584087;12.68026361;6.574145983;1.219092585;1.645265445;1.006460963;0.251000076
15/05/2006;200605;-3.57;-2.86;2.39;1.15;1.46;0.43;-3.7;-14.0625;-6.819905475;-1.107131648;1.250353751;-0.162492735;-15.08737549;0.665108553;-3.044894635;-0.239669823;-3.377755869;-0.278025677;4.93321941;4.472582641;-0.954014165;-2.963340938;-9.809784546;2.746954495;-5.269720171;-4.049773478;-2.416030107;-6.211183071;-10.64083813;-2.535985637;3.81176416;-6.593015581;-6.285692427;9.084382157
15/06/2006;200606;-0.35;-0.22;0.8;1.33;-0.08;0.4;1.54;1.464651515;-2.637310699;1.492711053;-2.097118306;-3.491585135;-4.182691442;7.022245371;0.411096656;-1.272995646;2.097287301;-2.129816149;-2.293849915;-3.212277546;-3.794534958;-3.507216323;5.9793926;0.119401205;-1.500992749;1.296354044;-9.057964003;3.270855508;1.495660027;1.898755316;-0.694649613;0.139098377;2.488517196;-1.639336336
15/07/2006;200607;-0.78;-3.64;2.62;1.64;0.9;0.4;-2.13;-15.92832673;2.743467793;10.14597574;-2.179643992;6.867964158;18.66600007;7.529534934;7.131003409;-5.48165647;-4.846898061;0.124376804;4.185981006;-3.751818882;-0.077238422;0.768032375;-5.263166521;4.389210418;8.619046495;5.327389933;3.519248215;3.26186187;-3.027372487;3.312594928;6.088835774;10.73706094;1.0791214;-1.033326223
15/08/2006;200608;2.03;0.42;-2.04;-1.9;2.15;0.42;-3.38;-4.558916519;5.192007265;4.451660123;1.204898177;-2.409984897;-0.161901357;5.055222382;-0.116482337;-3.254917939;-5.970206137;2.152746319;0.696648139;26.40454983;4.190868159;4.59889302;8.722237572;3.373301412;0.904542859;1.441094684;10.84028906;6.816318147;0.039074855;4.609244027;2.997775761;6.040818138;10.75749681;-0.134745348
15/09/2006;200609;1.84;-1.43;0.06;0.86;0.57;0.41;-0.96;13.77171301;4.093276337;-8.356266197;6.737746021;5.144786145;13.45619147;4.593575415;5.206773968;5.679376169;-0.828894858;1.670989924;-0.290103043;-3.345267709;3.640666871;1.601594312;5.710813244;1.015795484;2.847089879;8.969365419;0.694435752;6.812048583;-16.58536649;13.28224905;-0.030633569;3.855575844;0.129258989;4.249607389
15/10/2006;200610;3.23;1.95;-0.26;-0.16;0.28;0.41;-0.2;-8.342421393;1.373416726;7.355842638;3.084878617;6.123313498;5.326059421;5.190434721;0.559997898;1.280915201;-7.735598351;0.986517938;5.294713047;2.348558589;0.1768465;12.68001394;3.743355597;3.788134469;1.022189934;7.157437728;-16.95401702;4.972618432;6.101961958;4.114971564;-2.339495959;-6.029670184;2.274925691;1.779348444
15/11/2006;200611;1.71;0.73;0.11;0.18;-0.83;0.42;-1.03;-14.51516446;4.68957313;3.541142456;1.84696912;-6.415484323;13.04882581;0.025281412;-0.037083104;10.85644951;2.619974409;-1.136377781;0.235476481;-1.811574514;0.484251499;-0.444049854;0.281136584;-2.210674024;-1.745567557;0.119276206;1.038057967;2.264018121;3.622677265;3.140250555;-2.317093326;3.151992744;-0.450736543;5.054029244
15/12/2006;200612;0.87;-0.8;2.71;-0.71;2.05;0.4;0.79;11.06471816;2.146850325;1.911877687;3.320824391;-3.842915919;-7.440526381;5.426120989;0.179461621;0.706258019;-1.128468175;13.43066476;3.720990697;-7.626058383;5.470532316;6.032674492;-4.914048429;0.732646885;4.364713963;8.201151053;-4.383557322;2.050704816;-3.751891683;-10.02627361;0.935887653;-4.947970841;2.357050219;3.691362354
15/01/2007;200701;1.4;0.09;-0.7;0.27;0.36;0.44;0.24;14.28571429;-4.47947368;2.8613637;-4.038187992;3.015664584;1.049043515;5.258760577;-1.517131488;0.810410287;4.467564247;-1.023321436;-0.766822598;8.25563817;-2.401079654;2.05863903;3.506161748;1.181445085;5.445174882;0.045128626;-7.234962785;3.348926776;0.100950236;0.116718834;4.790472084;1.312763112;0.933550174;3.555652267
15/02/2007;200702;-1.96;1.28;-0.12;-0.5;-0.72;0.38;-1.35;-0.493421053;-1.957623167;-3.558736913;-2.076695556;-8.682646729;-1.306439956;-1.172587001;-3.328205814;-2.56808618;1.068013764;-8.634148445;-2.506279663;-2.706039447;-3.162333993;-6.26322979;-5.248075667;-5.793409532;-2.336312003;-1.488181678;-8.416984852;-8.716766638;0;-4.254062427;-3.203567413;-4.878058594;-1.658312167;-2.615888019
15/03/2007;200703;0.68;0.18;-0.94;0.61;-0.66;0.43;2.56;20.71624793;0.41202395;4.188422263;-0.826449654;-13.0408077;9.809697617;7.146711364;1.492538246;2.284387762;4.035387202;2.934011809;2.827759476;-0.252835518;2.085030026;1.725933775;-3.160288481;-3.685259645;-2.044894539;3.112831783;1.854975474;-0.721896919;-6.895791853;10.34688144;0.649273602;2.307766018;-0.519756963;0.525563912
15/04/2007;200704;3.49;-2.06;-1.43;1.1;1.05;0.44;-0.24;-12.14056651;4.001827836;-20.72566856;7.570900226;14.78168299;7.415780501;-1.800634551;-0.235151669;4.600152574;8.339581921;4.440965299;9.505606891;1.901157107;4.242087955;8.434072066;12.38890347;6.571496051;7.689069595;7.169826433;-5.049664523;7.427327858;-0.459811899;3.695567869;4.475924654;4.750579183;1.963253529;1.597447889
15/05/2007;200705;3.24;0.38;-0.62;1.55;-1.36;0.41;-0.34;4.727267287;3.47586341;37.46002551;7.39238826;-11.98938416;21.43287999;7.741481371;-0.373319744;8.161294688;8.677025711;1.622529205;1.532943273;3.731338217;1.953290221;4.295090895;3.162768013;-1.479269889;0.187901236;4.70169394;6.190052549;2.50501175;-2.446025284;3.085046314;3.389357828;3.892624433;-0.774948833;1.315029382
15/06/2007;200706;-1.96;0.75;-1.07;0.53;0.08;0.4;0.51;23.36309524;-2.970535191;-1.350239308;-5.8479325;-2.054898758;0.701374171;0.387055932;-2.522625242;-4.047563727;-0.356331697;-4.927154727;-1.283300777;12.94965518;1.862744096;-0.882066157;7.587760471;-1.97031559;-6.521306172;0.41547981;2.873559627;-3.664139892;-3.982305289;1.70279773;-5.092953766;-5.98747241;-3.713595499;-2.349896902
15/07/2007;200707;-3.73;-2.98;-3.73;0.19;-1.11;0.4;2.94;-18.0538842;-8.353588869;-4.290843668;-4.315142387;-2.803433906;7.964586872;-5.638538434;-3.006768456;7.560335876;0.638612202;-9.202575442;0.284435214;-9.660303158;1.984754483;5.130575221;-0.505469968;-1.817599667;-9.164093872;-5.693510582;-5.267352855;-1.628834564;7.145477635;-2.99339565;1.751657236;-8.056330267;1.094943159;-3.339187148
15/08/2007;200708;0.92;-0.38;-1.89;-1.23;-0.54;0.42;0.1;-1.668297432;2.835788085;4.423046481;0.380314369;-6.75474471;5.100209063;2.70319864;6.874705149;-6.506822008;-3.443210825;0.665664073;3.204729007;-8.225617166;0.283830402;5.458718219;9.017765546;2.132244958;1.947028528;2.882841323;-3.538334175;-0.89684714;1.221504697;6.066978093;3.672611814;5.65715025;6.169951779;1.8181723
15/09/2007;200709;3.22;-2.42;-2.23;-0.56;-3.02;0.32;4.63;17.86426647;2.500030312;0.17286996;1.27943429;12.89163214;10.82467988;6.11984781;-0.808949527;8.942335521;3.510665117;0.712848489;6.86131466;8.706757851;6.508889042;1.308159251;0.896395111;7.0431288;2.920039185;10.59901255;-3.05676474;2.900318037;5.844765471;6.75545455;7.687829888;-0.465163944;7.701720125;2.351177619
15/10/2007;200710;1.8;-0.04;-3.11;-0.31;-0.12;0.32;5.02;-7.324293282;-6.415053793;6.064282934;2.661304981;2.722281277;23.77010114;-1.229047248;-2.740071036;-6.095851757;-4.870614989;-10.22070824;8.125200539;4.475868661;0.091252654;-1.426162777;4.02167253;-0.806711282;2.575307738;9.693405944;-5.3153113;24.94910148;14.06380977;2.401853745;1.180908752;0.73686726;-1.165744498;0.697912592
15/11/2007;200711;-4.83;-3.02;-0.94;1.88;-0.27;0.34;0.99;-19.73503793;-7.905577217;6.348564742;-2.992161198;-4.921682223;-4.069500839;-7.78700862;-4.453152038;-6.136523969;-3.180299843;-20.52506303;0.550521458;-15.33256696;-6.972826371;-9.421285097;-3.048311656;3.943528037;-2.147712585;-2.142287802;-20.83730574;-8.720487144;-2.377182442;-8.976123718;4.69342739;-3.453889259;6.972911845;-4.273768516
15/12/2007;200712;-0.87;0.18;-0.52;0.82;-1.06;0.27;6.63;-12.12293613;0.292451649;-2.552859775;-11.80058222;-15.94570676;8.703749074;8.767333151;-10.55712904;-5.149699537;0.917940399;-10.4372577;-0.639114484;-10.38613304;-3.186203532;3.140782357;2.656722614;-0.922873218;-4.318283975;3.402043322;-12.86057244;6.302719338;-1.730730682;11.892898;-1.658442252;-3.161498169;-0.783836802;-2.624441808
15/01/2008;200801;-6.36;-0.61;4.01;2.21;2.13;0.21;-7.75;-9.002603044;-5.371768205;1.256274037;-5.555566443;0.32300836;-31.66396585;-7.386889461;8.5583067;-4.893646196;-2.163757456;-4.313896854;-3.861791961;-1.33732419;-3.797393618;-0.915857254;-20.85520313;-5.337327066;8.591070712;-9.047705904;-3.586205849;-8.426976985;11.32392943;-8.990228858;-9.901780252;2.771687344;-10.89620646;-6.560263512
15/02/2008;200802;-3.09;-0.64;-0.84;0.83;-0.93;0.13;6.1;2.918156791;-14.75349923;-3.496577538;-13.60293658;-2.296622415;-7.638846226;-8.626800796;-9.988643698;-0.468918052;2.4615148;-14.85516363;-0.915275922;-1.656622792;-6.278278618;6.301954372;-5.355449181;-1.868865226;-13.48737294;0.989221839;7.582257523;-16.56441203;-5.677447973;-8.515784549;2.218971232;-4.623259483;1.672258696;8.612582868
15/03/2008;200803;-0.93;0.61;0.35;0.8;0.51;0.17;4.27;1.59060166;-7.703796307;-69.64723187;3.356985745;-8.216192003;14.78158052;9.962672949;-4.604977819;-9.728254071;8.240036142;-9.658343136;4.122466157;-12.40432945;12.69448454;1.510840905;6.703360617;5.391021227;5.658068727;3.771129574;-20.61169694;4.74363055;-11.47154841;4.042560078;3.795257734;-4.731536076;5.877922163;-3.178024153
15/04/2008;200804;4.6;-1.19;-1.09;1.68;-2.46;0.18;-0.31;3.403662124;7.289044387;195.1946685;9.835316263;0.215470498;21.21950482;1.070497354;0.685643486;14.10514608;4.585510537;17.97379433;-2.663685938;44.40565022;-11.64549727;4.828890652;5.099123904;3.422259325;10.94290164;6.831617124;29.31322732;0.493296231;-2.211327879;6.595080648;-4.572180696;-3.917782533;-4.309965133;3.346103856
15/05/2008;200805;1.86;3.02;-1.53;0.91;-0.06;0.18;3.31;-39.6971718;-22.07795663;11.29995233;-3.102396681;5.158785825;8.508209549;4.142005319;-9.40326393;-2.462892006;1.390116428;-13.37553768;-2.734834946;-17.67555638;-6.055047435;7.232777929;4.132957708;-0.521735181;-9.023044244;-0.436387933;4.533672909;-0.701232188;7.509549314;9.544353939;-0.335591337;-3.729499183;-0.927130067;3.607752887
15/06/2008;200806;-8.44;1.19;-2.7;4.94;-0.56;0.17;12.75;3.711812632;-26.49998602;-7.636996115;-18.72708304;7.108749824;-11.29007541;-15.56390307;-29.81476337;-20.22887558;-10.67280044;-22.45334094;-9.221165456;-29.26469516;-13.11850019;-8.047180878;-6.780407308;-2.916597806;-20.20929331;-5.22590497;-25.65055185;-2.502594259;9.741251816;-8.056038073;-6.896034561;-8.325750793;-7.933421243;-7.142841858
15/07/2008;200807;-0.77;3.7;5.27;-1.35;1.03;0.15;-5.07;27.999976;-0.9996569;0.3559255;-1.460040955;32.80325483;-5.070458305;-8.54854563;40.5299942;-7.01457502;-5.825022786;11.51547202;-0.270119882;-0.207908114;7.172517386;7.972689232;3.305402;6.419038184;18.4202122;7.042366767;-19.50000209;-6.506705519;-7.856135825;2.523827163;5.338254337;6.868881434;7.679677851;-2.72436891
15/08/2008;200808;1.53;3.4;1.48;1.88;0.85;0.13;-4.03;0.493421093;-17.50480661;3.341544031;7.361670329;0.351271025;6.656193798;5.116559399;-5.349567768;7.281941124;2.350042109;3.363592179;1.106831527;-7.083357408;-0.671662985;-4.883592263;3.064418083;2.862550754;-4.206017523;3.696277013;-12.21533246;6.104196912;-5.963294766;1.857833011;2.884612712;2.35672135;7.21806946;6.589780381
15/09/2008;200809;-9.24;0.25;5.9;2.41;1.8;0.15;0.28;16.61212084;-84.50441802;-5.658619414;-10.71067637;-5.696074396;-32.95582267;-12.7227872;12.39563627;-11.98290195;-15.7358982;8.004202371;1.555607055;16.59196949;-9.252684285;-3.544239374;-17.59001113;-0.993906128;21.33020006;0.120921553;-4.481114084;-1.808511999;-14.05761314;-7.387142605;4.074181748;-1.913537133;-0.114669515;-5.131378447
15/10/2008;200810;-17.23;-3.28;-2.22;2.99;2.04;0.08;7.85;-23.71930526;-42.06220433;-1.761907632;-22.38218269;1.046041436;-5.340494696;-4.118854491;-29.56128028;-8.59633359;-35.90603238;-33.44708457;-16.08669313;-57.88460305;-22.46254854;-20.51130426;-14.41536409;-11.46073876;-11.67025507;-6.110197609;16.29627725;-16.33570093;-31.88469679;-9.945794349;-19.51599826;-3.958775671;-7.38985785;-15.57509828
15/11/2008;200811;-7.86;-3.92;-6.3;4.52;2.74;0.03;7.17;-33.30265256;5.23558469;-16.20639748;-14.8035457;-7.263310817;-13.86746136;8.370666959;-32.76789326;-18.67608938;8.385924173;-38.50528928;6.377655961;22.83096841;-11.99383291;-12.22977342;-13.91141559;-4.499474903;-22.6562889;1.415488267;-41.82590346;-9.449220413;27.75245736;-12.02846321;-0.543737216;-7.227551609;0.343093667;-13.0837497
15/12/2008;200812;1.74;3.31;0.07;0.13;-1.51;0;-5.09;9.517240067;-21.89054359;-6.343245688;-20.42040403;3.97911668;-7.899000392;-0.210094081;-13.35385673;0.846135574;8.977803755;-19.05909251;-2.592447635;-14.86985606;-5.649389734;3.713825335;7.154476021;2.982654424;-0.410592997;6.795206972;-3.649620364;-3.206264352;20.95094223;10.19265084;-3.403910927;9.697362596;-3.931584602;0.754899917
15/01/2009;200901;-8.12;-2.08;-11.11;0.11;-1.19;0;-2.18;-24.43325889;-18.47132074;12.17660372;-9.811328912;-5.021647638;5.600464916;-13.61402975;-52.20266682;-0.843691583;-30.93796322;-47.09386679;-5.63282468;-18.34059982;-23.68350306;8.899772813;-12.00545441;-3.576811421;-19.09288745;-6.705237803;40.90907194;-12.03702967;-1.956504598;-5.076132323;-7.567716551;-17.67363384;-11.84086346;-7.492386807
15/02/2009;200902;-10.1;-1.3;-6.91;1.11;-1.05;0.01;4.41;-14.5;-67.18751254;-6.650575926;-27.29277364;-10.79308052;-0.909826056;-2.033179313;-39.9695973;-25.69131656;-19.36628107;-57.64588733;-4.377402592;6.951819347;-29.84337261;0.414581187;-1.24029733;-13.32986652;-9.334634455;-9.944855094;-13.44085978;-5.555537937;4.650572839;-7.664873211;-4.160863705;-15.56927361;-10.99475225;-18.90716835
15/03/2009;200903;8.95;0.66;3.34;-2.52;-2.19;0.02;-11.87;28.46005848;138.0952225;3.756511165;13.01824389;1.205805664;17.70240324;6.016021017;72.65827234;14.30857264;13.61235277;68.66667989;7.588782741;31.50002803;22.29220773;5.853655252;19.19021923;6.07236865;16.32383465;5.411011293;26.08697545;14.52603816;7.518636384;16.28057598;6.938080507;13.02113464;-2.24203698;8.288623853
15/04/2009;200904;10.18;7.04;5.26;1.28;0.11;0.01;-34.3;6.373291901;38.00003486;3.964898138;85.03295907;-2.120367508;19.70134243;1.666686374;31.29807182;12.56324096;27.25323319;20.55333291;-1.011386544;127.3764043;25.12366621;6.522858667;4.990049197;-0.456264979;24.15347677;-2.345602032;20.19703364;10.28847148;-9.865370805;7.028233276;-2.486067719;-1.908951841;4.99041134;20.59470125
15/05/2009;200905;5.21;-2.31;0.37;-0.74;-2.2;0;-12.49;-1.426561851;22.46375767;4.653968559;-0.148414737;3.032814063;7.931322602;-1.724341266;26.20390362;11.984988;0.946716789;21.96720523;14.19280296;-3.846128228;6.561282218;2.974515839;-0.380249083;5.347572279;12.01721861;10.69621471;3.688529973;3.109600641;21.44629334;1.555869104;4.602119731;13.69761395;5.964268373;10.59360987
15/06/2009;200906;0.43;2.31;-2.72;-1.34;-0.31;0.01;5.48;4.341534637;-31.36094437;-4.095911328;-6.478895503;6.007216649;4.874445234;0.20169745;17.12509684;-4.308244386;-6.824590207;-20.16127282;-2.379990044;5.565223459;-13.05638783;-1.236973708;6.172101361;3.884276676;-7.560959938;-2.542808774;0;14.50912934;-16.36997577;9.341495432;5.59075967;-0.131874995;-1.617254656;-3.674656488
15/07/2009;200907;7.72;2.4;4.84;-0.36;3.15;0.01;-5.58;0;-43.36206031;8.998781217;22.82310184;17.69928596;14.71600637;5.595804852;12.14368485;0.964719659;33.3534968;6.733986467;4.742056174;31.79570695;15.27548682;12.93818314;16.31416537;7.200701923;13.30986616;-3.435169911;26.28457469;-1.051715;1.383404593;3.314632515;4.102950519;6.20002496;8.630149291;7.672520802
15/08/2009;200908;3.33;-0.08;7.63;-2.92;3.3;0.01;-9.07;13.45356636;244.9770806;4.278361596;19.3787614;-4.060352723;2.949982975;1.01604074;18.93170022;15.75387805;4.129465651;57.72873486;-2.146841869;-4.999987092;3.73135374;0.101753664;5.558459899;-0.739023495;12.61011077;2.143124061;15.33646342;4.804397006;-2.805294933;-0.887810827;-0.14094734;4.833641247;-1.742951495;3.662418807
15/09/2009;200909;4.08;2.72;1.04;1.25;0.35;0.01;-4.79;12.83618425;-2.691384243;-2.571127334;0.236520262;0.752770554;10.18968473;3.68522092;-3.808980617;10.06638624;13.28624203;-3.200041153;10.10866157;-5.131617896;18.12947971;1.794054292;-2.987961793;1.561019025;0.82833765;2.371274346;11.2618809;4.927419561;9.529727647;-4.753200172;3.511559772;0.098421958;7.041192682;5.453158082
15/10/2009;200910;-2.59;-4.92;-4.2;4.17;-1.46;0;2.61;-4.442047189;-23.78145734;3.585098237;3.320004413;-10.97461383;1.699445576;-4.961138203;-13.77740052;-11.72671757;7.26671723;-15.49581955;0.085010816;-2.912610036;-12.64079075;0.836026992;-2.350507683;-3.021834137;-4.678206617;2.69841948;-17.19512383;7.814948447;-1.046735815;1.247572813;4.054380665;2.900318947;0.138146211;-0.327749703
15/11/2009;200911;5.56;-2.68;-0.33;0.98;0.11;0;0.3;23.92289116;-15.52642966;3.865287135;20.06320224;5.091398509;6.053064809;6.556533825;8.710595542;9.644386165;6.816082076;0.488959357;7.296931902;27.00001833;12.34218724;4.759164905;0.470905875;6.418274392;1.84678034;7.916750167;10.75110441;6.058455185;23.42382981;4.896738731;2.758065425;6.694073156;8.319910146;10.41285602
15/12/2009;200912;2.75;6.24;-0.17;1.05;-0.1;0.01;3.02;3.385197016;5.563363777;4.359389259;-3.131753907;0.390400627;5.412420282;4.046042051;-4.984246237;4.19159273;-2.397626199;-19.46470287;0.358471956;12.48591591;-5.555537931;4.066064216;7.06021624;3.309275934;-1.929839659;-0.430926005;40.42552483;4.096307979;-11.80091074;11.09603287;-2.282214094;1.067453605;-2.758618939;6.717411113
15/01/2010;201001;-3.36;0.35;0.43;-1.23;0.44;0;-5.4;-7.079654241;-19.17945024;2.889028606;-7.058259388;3.37636718;-8.85969191;-9.525488917;0.860247581;11.95270217;-8.334791791;0.302112161;-4.824600154;8.400025905;6.96993147;-6.501165664;-4.901974252;-2.406456014;-6.551519353;-0.015997801;-17.42422827;-7.545936858;-9.239752489;-5.992674806;-1.245036867;2.583858913;1.51738026;-7.315429557
15/02/2010;201002;3.4;1.51;3.22;-0.28;1.4;0;3.74;34.85714286;2.228645286;1.309154927;1.849232539;-3.197639727;6.539645002;-0.702366401;9.749654171;4.224419057;9.952581274;2.409627965;-2.820267237;8.302571652;-0.124371945;3.897364664;5.824796639;0.222680429;7.910749492;2.274539768;3.899077485;1.738832143;14.9789939;7.110968426;4.780304855;-5.94855767;3.548945876;5.719104208
15/03/2010;201003;6.31;1.85;2.21;-0.63;1.67;0.01;3.76;-3.601694915;37.82797732;1.988059935;8.03869919;5.705669562;14.84702085;4.151562704;7.142874039;15.74682614;10.16651159;19.11763499;4.324752408;7.069851976;14.03243306;1.30831302;9.441311336;4.283922875;6.623737304;5.383078755;14.45915568;2.640273384;3.34823666;4.300211172;5.90682829;-1.356342818;-0.01580672;11.74780223
15/04/2010;201004;2;4.98;2.89;0.7;1.74;0.01;3.16;13.99268132;13.94261636;5.03076614;12.26617512;-4.227974406;11.10214975;0.851408942;-0.051303892;-0.247878207;8.337313006;7.901269811;-2.022825685;3.579947562;3.626373;0.584778088;2.46745114;-1.380334881;-4.849146134;5.800320628;-9.836063357;4.267671793;10.32750117;0.622363687;-0.720533787;-2.507287524;-1.754412274;5.528493288
15/05/2010;201005;-7.89;0.04;-2.44;1.27;-0.23;0.01;-0.25;-11.56812265;-9.048835241;-4.247306648;-13.55161695;-9.649228568;-1.612469293;-5.240978904;-11.72182019;-11.3903327;-10.20853504;-9.382178927;-3.835313863;-9.907837391;-13.30856225;-2.899218339;-6.217185921;-9.331250284;-6.941560377;-5.269864426;-2.780747758;-15.52063999;-4.02995492;-12.58882078;-3.572563576;-8.911501502;-0.964970025;-9.283397474
15/06/2010;201006;-5.57;-2.47;-4.7;-0.18;-1.55;0.01;-2.76;-8.793618547;-2.65686895;-1.23211654;-0.426338193;1.583616686;-2.082721599;-0.452665644;-8.703942609;-1.660682002;-1.135609651;-5.050485251;-2.490302521;-14.06647883;-11.80430456;-0.915715013;-8.556535736;2.228907568;-7.503815429;-0.667776966;-6.6006765;-10.41150286;14.71572739;-4.918021842;-3.084727321;-5.382240671;-1.816977923;-5.745069738
15/07/2010;201007;6.93;0.16;-0.3;0.26;1.99;0.01;1.83;17.92828828;11.70146963;12.51687365;12.95042634;3.669171195;2.274095364;7.234428224;-2.233130466;8.589695841;16.11453434;9.042556961;10.88633347;26.68649503;12.49892509;3.984407307;5.912585158;-1.642389206;10.02458459;5.860021035;-14.25205127;12.16860936;-9.29735813;10.15837183;7.317923885;5.189332215;1.967294798;6.952388731
15/08/2010;201008;-4.77;-3.11;-1.96;0.58;-1.66;0.01;-0.06;-14.93241993;-11.80139729;0.722039836;-10.68549435;-6.40010726;-5.500462253;6.026280038;-11.25355558;-10.28767214;-5.958507582;-9.512232598;1.397211162;-11.58965322;-10.17366499;-4.104332644;-14.22331513;-1.841956844;-9.608436182;4.775564981;-11.26373105;-9.066249309;9.695890382;-7.416088288;-1.124646778;6.066686392;-1.672672825;-3.413471942
15/09/2010;201009;9.54;3.76;-3.17;-0.19;0.37;0.01;1.41;24.78157071;15.23726146;7.616459901;5.417628858;7.97413596;16.72151177;5.808342994;5.136439207;9.511383026;20.74892749;5.390862;4.724400505;8.414492184;12.22372317;9.481578848;9.487625132;9.688351629;4.675491852;2.748426643;11.60990503;4.902585617;2.429867845;22.93952782;3.521362461;9.121628489;0.502755363;1.7209495
15/10/2010;201010;3.88;0.86;-2.49;1.27;-0.31;0.01;1.58;64.48120532;7.44247072;7.542688929;-1.356193996;3.774268041;6.072214756;-0.279718234;-12.52523539;6.161724259;-0.101688179;6.64959449;5.578513847;15.4411879;-0.686032554;7.052332198;4.427077505;2.872814382;-1.129838063;4.375291543;14.56310167;8.901598833;-2.867817904;9.422739;-0.975259952;1.455999897;6.002987764;9.154086175
15/11/2010;201011;0.6;3.66;-0.88;0.4;1.51;0.01;2.66;8.900933007;-1.713908756;-5.586161381;4.737574412;-7.868545604;3.378965581;-1.145486753;-4.366818271;-9.725394666;8.226495338;0.719435007;3.016984365;12.8096328;-1.186013855;-1.490272606;5.536174899;-3.435823122;-0.482986756;0.681488686;-11.98547124;-5.286806589;-3.335511507;-7.761265607;-1.026060461;-6.429392642;-3.19413194;1.051740747
15/12/2010;201012;6.82;0.98;3.78;-3.53;3.16;0.01;-3.03;11.90476546;39.54953929;2.5833439;-0.694116111;4.194376958;3.667103257;5.721477928;21.82649511;2.956233732;10.70921863;12.61905828;4.835382203;5.332486836;15.54011073;4.20769258;0.163714969;1.352170169;13.42245252;-1.199448456;10.31636733;11.16976306;4.419500631;15.71165731;1.083130532;8.533937915;5.338169648;2.738983316
